"source_relative_path","source_absolute_path","coleccion","area_refinada","area_proyecto","categoria_proyecto","tipo_prueba_proyecto","grado_objetivo","extension","size_bytes","size_kb","sha256","confidence","reason","ingest_priority","descripcion_sugerida"
"04. SIMULACROS\LECTURA CRITICA\General\09\pre milton.pdf","C:\Users\ARMAN\OneDrive\Documents\examen\material\04. SIMULACROS\LECTURA CRITICA\General\09\pre milton.pdf","04. SIMULACROS","LECTURA_CRITICA","LECTURA_CRITICA","SIMULACROS","SIMULACRO","11",".pdf","27075490","26440,91","1E113CC98DE3695FF9C6A7996933AAB35C515F1CF97F48B6D556988357FF6F1F","alta","tokens_lectura","alta","Origen=material/04. SIMULACROS\LECTURA CRITICA\General\09\pre milton.pdf | Clasif=tokens_lectura"
"04. SIMULACROS\MATEMATICAS\FISICA\01\2.pdf","C:\Users\ARMAN\OneDrive\Documents\examen\material\04. SIMULACROS\MATEMATICAS\FISICA\01\2.pdf","04. SIMULACROS","MATEMATICAS","MATEMATICAS","SIMULACROS","SIMULACRO","11",".pdf","1053412","1028,72","E0CAA2FC98E2C202898394765352F07D311C43BC3F26A18E77D1D28A928A04C1","alta","tokens_matematicas","alta","Origen=material/04. SIMULACROS\MATEMATICAS\FISICA\01\2.pdf | Clasif=tokens_matematicas"
"04. SIMULACROS\MATEMATICAS\FISICA\01\respuestas 2.xls","C:\Users\ARMAN\OneDrive\Documents\examen\material\04. SIMULACROS\MATEMATICAS\FISICA\01\respuestas 2.xls","04. SIMULACROS","MATEMATICAS","MATEMATICAS","SIMULACROS","SIMULACRO","11",".xls","16384","16","0AA636D2056A3FA891382ADBEE8020CBABD0EF34DB4E6D7CEB5C0EF652B033F5","alta","tokens_matematicas","alta","Origen=material/04. SIMULACROS\MATEMATICAS\FISICA\01\respuestas 2.xls | Clasif=tokens_matematicas"
"04. SIMULACROS\MATEMATICAS\FISICA\05\11-16-D_C.N. Física.pdf","C:\Users\ARMAN\OneDrive\Documents\examen\material\04. SIMULACROS\MATEMATICAS\FISICA\05\11-16-D_C.N. Física.pdf","04. SIMULACROS","MATEMATICAS","MATEMATICAS","SIMULACROS","SIMULACRO","11",".pdf","1780225","1738,5","7D7E9D88F11EFAFC2FC05ECA33E859B6C630DED449AB1252D81721859699F41A","alta","tokens_matematicas","alta","Origen=material/04. SIMULACROS\MATEMATICAS\FISICA\05\11-16-D_C.N. Física.pdf | Clasif=tokens_matematicas"
"04. SIMULACROS\MATEMATICAS\General\06\RESPUESTAS S11-B.pdf","C:\Users\ARMAN\OneDrive\Documents\examen\material\04. SIMULACROS\MATEMATICAS\General\06\RESPUESTAS S11-B.pdf","04. SIMULACROS","MATEMATICAS","MATEMATICAS","SIMULACROS","SIMULACRO","11",".pdf","162729","158,92","8E94DBB7AA41FE392C6AF85B4D67622D48AA0F713FBFEB2B9EB97F0B0980A136","alta","tokens_matematicas","alta","Origen=material/04. SIMULACROS\MATEMATICAS\General\06\RESPUESTAS S11-B.pdf | Clasif=tokens_matematicas"
"04. SIMULACROS\MATEMATICAS\General\06\S11-B Sesión 2.pdf","C:\Users\ARMAN\OneDrive\Documents\examen\material\04. SIMULACROS\MATEMATICAS\General\06\S11-B Sesión 2.pdf","04. SIMULACROS","MATEMATICAS","MATEMATICAS","SIMULACROS","SIMULACRO","11",".pdf","5703043","5569,38","22CE25526600FF00154133A1DBC82584BE179ECC8A45EB46E737AF5B813A8458","alta","tokens_matematicas","alta","Origen=material/04. SIMULACROS\MATEMATICAS\General\06\S11-B Sesión 2.pdf | Clasif=tokens_matematicas"
"04. SIMULACROS\MATEMATICAS\General\07\S11-J Sesión 2.pdf","C:\Users\ARMAN\OneDrive\Documents\examen\material\04. SIMULACROS\MATEMATICAS\General\07\S11-J Sesión 2.pdf","04. SIMULACROS","MATEMATICAS","MATEMATICAS","SIMULACROS","SIMULACRO","11",".pdf","4727761","4616,95","745FBE656ACAFD9C06BA2097AFA659DF4D1C0EB0DE5B80085B1E18CDAD69F6BF","alta","tokens_matematicas","alta","Origen=material/04. SIMULACROS\MATEMATICAS\General\07\S11-J Sesión 2.pdf | Clasif=tokens_matematicas"
"04. SIMULACROS\MATEMATICAS\MATEMATICAS\01\1.pdf","C:\Users\ARMAN\OneDrive\Documents\examen\material\04. SIMULACROS\MATEMATICAS\MATEMATICAS\01\1.pdf","04. SIMULACROS","MATEMATICAS","MATEMATICAS","SIMULACROS","SIMULACRO","11",".pdf","434234","424,06","3C1F2AD2D9CA38B59FD67105ACB34703B0CD2C4BD2A8CCBFC0A2D4AAF42E7E9B","alta","tokens_matematicas","alta","Origen=material/04. SIMULACROS\MATEMATICAS\MATEMATICAS\01\1.pdf | Clasif=tokens_matematicas"
"04. SIMULACROS\MATEMATICAS\MATEMATICAS\12\K7 MATEMATICAS II.pdf","C:\Users\ARMAN\OneDrive\Documents\examen\material\04. SIMULACROS\MATEMATICAS\MATEMATICAS\12\K7 MATEMATICAS II.pdf","04. SIMULACROS","MATEMATICAS","MATEMATICAS","SIMULACROS","SIMULACRO","11",".pdf","980942","957,95","15066D5466B32F14FBF6F87FE7629F72B6417E712B765E39E386FCCA8D57C8A9","alta","tokens_matematicas","alta","Origen=material/04. SIMULACROS\MATEMATICAS\MATEMATICAS\12\K7 MATEMATICAS II.pdf | Clasif=tokens_matematicas"
"04. SIMULACROS\CIENCIAS\General\08\cuadernillo_apoyo.pdf pruebas saber.pdf","C:\Users\ARMAN\OneDrive\Documents\examen\material\04. SIMULACROS\CIENCIAS\General\08\cuadernillo_apoyo.pdf pruebas saber.pdf","04. SIMULACROS","MULTI_AREA",,"SIMULACROS","SIMULACRO","11",".pdf","3890358","3799,18","9E33A0C2B8B832697469B7C56B629ED3AE0DD2E5146D222EDA038109F16021DA","baja","sin_tokens_claros","alta","Origen=material/04. SIMULACROS\CIENCIAS\General\08\cuadernillo_apoyo.pdf pruebas saber.pdf | Clasif=sin_tokens_claros"
"04. SIMULACROS\CIENCIAS\General\08\doku.pub_competencia-exito-helmer-pardo-pineda-libro-para-la-prueba-icfes.pdf","C:\Users\ARMAN\OneDrive\Documents\examen\material\04. SIMULACROS\CIENCIAS\General\08\doku.pub_competencia-exito-helmer-pardo-pineda-libro-para-la-prueba-icfes.pdf","04. SIMULACROS","MULTI_AREA",,"SIMULACROS","SIMULACRO","11",".pdf","474990795","463858,2","3F3097024C22FFFBFA17688D5707735EF9D8CB1ACE91F6C97429FDC62D6CC701","baja","sin_tokens_claros","alta","Origen=material/04. SIMULACROS\CIENCIAS\General\08\doku.pub_competencia-exito-helmer-pardo-pineda-libro-para-la-prueba-icfes.pdf | Clasif=sin_tokens_claros"
"04. SIMULACROS\CIENCIAS\General\09\2. Simulacro - Nuevo Expl@rando.pdf","C:\Users\ARMAN\OneDrive\Documents\examen\material\04. SIMULACROS\CIENCIAS\General\09\2. Simulacro - Nuevo Expl@rando.pdf","04. SIMULACROS","MULTI_AREA",,"SIMULACROS","SIMULACRO","11",".pdf","5963179","5823,42","20D588B4C102F00F2D623CAA7C026B7442D8121C9C4A4BA6ABA7A445FFFC9412","baja","sin_tokens_claros","alta","Origen=material/04. SIMULACROS\CIENCIAS\General\09\2. Simulacro - Nuevo Expl@rando.pdf | Clasif=sin_tokens_claros"
"04. SIMULACROS\SOCIALES\General\03\K4 SESION 2 REVISADO.pdf","C:\Users\ARMAN\OneDrive\Documents\examen\material\04. SIMULACROS\SOCIALES\General\03\K4 SESION 2 REVISADO.pdf","04. SIMULACROS","SOCIALES_CIUDADANAS","SOCIALES_CIUDADANAS","SIMULACROS","SIMULACRO","11",".pdf","2876108","2808,7","C2041F0E1D3697387A809B9576ECFDCF820E951518DEBF73C49E3D72DE0DB1F6","alta","tokens_sociales","alta","Origen=material/04. SIMULACROS\SOCIALES\General\03\K4 SESION 2 REVISADO.pdf | Clasif=tokens_sociales"
"04. SIMULACROS\SOCIALES\General\04\K3 (2S).pdf","C:\Users\ARMAN\OneDrive\Documents\examen\material\04. SIMULACROS\SOCIALES\General\04\K3 (2S).pdf","04. SIMULACROS","SOCIALES_CIUDADANAS","SOCIALES_CIUDADANAS","SIMULACROS","SIMULACRO","11",".pdf","2045104","1997,17","210CDF25316D49B77C7758D1A3EC9639166AD686AA11CE454FA990332B2BD8E2","alta","tokens_sociales","alta","Origen=material/04. SIMULACROS\SOCIALES\General\04\K3 (2S).pdf | Clasif=tokens_sociales"
"04. SIMULACROS\SOCIALES\General\04\RESPUESTAS K3.pdf","C:\Users\ARMAN\OneDrive\Documents\examen\material\04. SIMULACROS\SOCIALES\General\04\RESPUESTAS K3.pdf","04. SIMULACROS","SOCIALES_CIUDADANAS","SOCIALES_CIUDADANAS","SIMULACROS","SIMULACRO","11",".pdf","177875","173,71","4D24837A4BC6470C2D10A7DC3EBE417C4490C1A6FB393C4DA5BB0FF8A5565965","alta","tokens_sociales","alta","Origen=material/04. SIMULACROS\SOCIALES\General\04\RESPUESTAS K3.pdf | Clasif=tokens_sociales"
"04. SIMULACROS\SOCIALES\General\08\Cartilla Inicial Helemer pardo.pdf","C:\Users\ARMAN\OneDrive\Documents\examen\material\04. SIMULACROS\SOCIALES\General\08\Cartilla Inicial Helemer pardo.pdf","04. SIMULACROS","SOCIALES_CIUDADANAS","SOCIALES_CIUDADANAS","SIMULACROS","SIMULACRO","11",".pdf","1570691","1533,88","3881FAD485340A455A3FED9F551A5EC2825971BD1F84C9D5BB80BAD574F637D4","alta","tokens_sociales","alta","Origen=material/04. SIMULACROS\SOCIALES\General\08\Cartilla Inicial Helemer pardo.pdf | Clasif=tokens_sociales"
"04. SIMULACROS\SOCIALES\Historia\02\profundizacion 2.pdf","C:\Users\ARMAN\OneDrive\Documents\examen\material\04. SIMULACROS\SOCIALES\Historia\02\profundizacion 2.pdf","04. SIMULACROS","SOCIALES_CIUDADANAS","SOCIALES_CIUDADANAS","SIMULACROS","SIMULACRO","11",".pdf","139156","135,89","895EA77F1B6C9FE90CB95694C683CD7DAC1689821C13DCAFF31512F97FDEE99B","alta","tokens_sociales","alta","Origen=material/04. SIMULACROS\SOCIALES\Historia\02\profundizacion 2.pdf | Clasif=tokens_sociales"
"04. SIMULACROS\SOCIALES\Sociales y competencias\04\11-16-D_Ciencias Sociales Parte I Y II.pdf","C:\Users\ARMAN\OneDrive\Documents\examen\material\04. SIMULACROS\SOCIALES\Sociales y competencias\04\11-16-D_Ciencias Sociales Parte I Y II.pdf","04. SIMULACROS","SOCIALES_CIUDADANAS","SOCIALES_CIUDADANAS","SIMULACROS","SIMULACRO","11",".pdf","1637437","1599,06","7BA88B8A5DE08720A134F57D191F90BF27F9B9D6E79B285FDE6DDFF223ABCB0E","alta","tokens_sociales","alta","Origen=material/04. SIMULACROS\SOCIALES\Sociales y competencias\04\11-16-D_Ciencias Sociales Parte I Y II.pdf | Clasif=tokens_sociales"
"04. SIMULACROS\SOCIALES\Sociales y competencias\08\S2_C. Sociales II-K2.pdf","C:\Users\ARMAN\OneDrive\Documents\examen\material\04. SIMULACROS\SOCIALES\Sociales y competencias\08\S2_C. Sociales II-K2.pdf","04. SIMULACROS","SOCIALES_CIUDADANAS","SOCIALES_CIUDADANAS","SIMULACROS","SIMULACRO","11",".pdf","1674768","1635,52","FA6B75498FAB58074000FCF159B35F06633125F069B506A992AF992645D9A067","alta","tokens_sociales","alta","Origen=material/04. SIMULACROS\SOCIALES\Sociales y competencias\08\S2_C. Sociales II-K2.pdf | Clasif=tokens_sociales"
"04. SIMULACROS\SOCIALES\Sociales y competencias\12\1. Simulacro Sociales - MILTON OCHOA.pdf","C:\Users\ARMAN\OneDrive\Documents\examen\material\04. SIMULACROS\SOCIALES\Sociales y competencias\12\1. Simulacro Sociales - MILTON OCHOA.pdf","04. SIMULACROS","SOCIALES_CIUDADANAS","SOCIALES_CIUDADANAS","SIMULACROS","SIMULACRO","11",".pdf","1137118","1110,47","6184843882412848842288EA291119C044021954C1612B69B5154D5BF3291608","alta","tokens_sociales","alta","Origen=material/04. SIMULACROS\SOCIALES\Sociales y competencias\12\1. Simulacro Sociales - MILTON OCHOA.pdf | Clasif=tokens_sociales"
"04. SIMULACROS\SOCIALES\Sociales y competencias\12\Simulacro Ciudadanas.pdf","C:\Users\ARMAN\OneDrive\Documents\examen\material\04. SIMULACROS\SOCIALES\Sociales y competencias\12\Simulacro Ciudadanas.pdf","04. SIMULACROS","SOCIALES_CIUDADANAS","SOCIALES_CIUDADANAS","SIMULACROS","SIMULACRO","11",".pdf","3105552","3032,77","828369EC6D0ABB249E27289D50F3366DE0C065B8ABFE93071D82F48614592D9C","alta","tokens_sociales","alta","Origen=material/04. SIMULACROS\SOCIALES\Sociales y competencias\12\Simulacro Ciudadanas.pdf | Clasif=tokens_sociales"
"05. TALLERES\CIENCIAS\Componente ciencias Naturales\física con rta.pdf","C:\Users\ARMAN\OneDrive\Documents\examen\material\05. TALLERES\CIENCIAS\Componente ciencias Naturales\física con rta.pdf","05. TALLERES","CIENCIAS_NATURALES","CIENCIAS_NATURALES","MATERIALES_APOYO","PRACTICA","11",".pdf","2062995","2014,64","43BC4A5E4D3F1C886DBDFCC34EA1F9DD1CD6A1DC88E08CFBE30C1B2BC2CE677C","alta","tokens_ciencias","baja","Origen=material/05. TALLERES\CIENCIAS\Componente ciencias Naturales\física con rta.pdf | Clasif=tokens_ciencias"
"05. TALLERES\CIENCIAS\Componente ciencias Naturales\quimica - teoria practicas.pdf","C:\Users\ARMAN\OneDrive\Documents\examen\material\05. TALLERES\CIENCIAS\Componente ciencias Naturales\quimica - teoria practicas.pdf","05. TALLERES","CIENCIAS_NATURALES","CIENCIAS_NATURALES","MATERIALES_APOYO","PRACTICA","11",".pdf","5266846","5143,4","4DB02706B580FF0E8FB416AE0E090472EC0B54F033A510F1A797F74933E0BFCA","alta","tokens_ciencias","baja","Origen=material/05. TALLERES\CIENCIAS\Componente ciencias Naturales\quimica - teoria practicas.pdf | Clasif=tokens_ciencias"
"05. TALLERES\CIENCIAS\Componente ciencias Naturales\Quimica formarte.pdf","C:\Users\ARMAN\OneDrive\Documents\examen\material\05. TALLERES\CIENCIAS\Componente ciencias Naturales\Quimica formarte.pdf","05. TALLERES","CIENCIAS_NATURALES","CIENCIAS_NATURALES","MATERIALES_APOYO","PRACTICA","11",".pdf","4852487","4738,76","2A0ED458123CDA387EB252BA062765FBAA39BD9F1C2D2B1611C167CBCCF5BEF7","alta","tokens_ciencias","baja","Origen=material/05. TALLERES\CIENCIAS\Componente ciencias Naturales\Quimica formarte.pdf | Clasif=tokens_ciencias"
"05. TALLERES\CIENCIAS\Ejercicios Resultos por estudiantes\Ciencias_Naturales_preicfes_Resuelto.docx","C:\Users\ARMAN\OneDrive\Documents\examen\material\05. TALLERES\CIENCIAS\Ejercicios Resultos por estudiantes\Ciencias_Naturales_preicfes_Resuelto.docx","05. TALLERES","CIENCIAS_NATURALES","CIENCIAS_NATURALES","CLAVES","SABER_11","11",".docx","1286183","1256,04","956533AD0A26247DAD1A9E260595B6CB6393E5FBBFCFABAB664EA6A7EAAC96BC","alta","tokens_ciencias","baja","Origen=material/05. TALLERES\CIENCIAS\Ejercicios Resultos por estudiantes\Ciencias_Naturales_preicfes_Resuelto.docx | Clasif=tokens_ciencias"
"05. TALLERES\CIENCIAS\Ejercicios Resultos por estudiantes\Ciencias_Naturales_preicfes_Resuelto.pdf","C:\Users\ARMAN\OneDrive\Documents\examen\material\05. TALLERES\CIENCIAS\Ejercicios Resultos por estudiantes\Ciencias_Naturales_preicfes_Resuelto.pdf","05. TALLERES","CIENCIAS_NATURALES","CIENCIAS_NATURALES","CLAVES","SABER_11","11",".pdf","1402257","1369,39","3D4FAAC230599FC9841F8BB71B237DE6914002E7047BB63CDEAC19B1C852F73A","alta","tokens_ciencias","baja","Origen=material/05. TALLERES\CIENCIAS\Ejercicios Resultos por estudiantes\Ciencias_Naturales_preicfes_Resuelto.pdf | Clasif=tokens_ciencias"
"05. TALLERES\CIENCIAS\Ejercicios Resultos por estudiantes\Cuadernillo Ciencias Naturales Examen Diagnostico con respuestas.docx","C:\Users\ARMAN\OneDrive\Documents\examen\material\05. TALLERES\CIENCIAS\Ejercicios Resultos por estudiantes\Cuadernillo Ciencias Naturales Examen Diagnostico con respuestas.docx","05. TALLERES","CIENCIAS_NATURALES","CIENCIAS_NATURALES","BANCOS_PREGUNTAS","DIAGNOSTICO","11",".docx","1460351","1426,12","34C5EC09218A83D10324BC26050FE0269C19E87D790D017B5989035252A14DB0","alta","tokens_ciencias","media","Origen=material/05. TALLERES\CIENCIAS\Ejercicios Resultos por estudiantes\Cuadernillo Ciencias Naturales Examen Diagnostico con respuestas.docx | Clasif=tokens_ciencias"
"05. TALLERES\CIENCIAS\Ejercicios Resultos por estudiantes\Preguntas tipo icfes Ciencias naturales.docx","C:\Users\ARMAN\OneDrive\Documents\examen\material\05. TALLERES\CIENCIAS\Ejercicios Resultos por estudiantes\Preguntas tipo icfes Ciencias naturales.docx","05. TALLERES","CIENCIAS_NATURALES","CIENCIAS_NATURALES","BANCOS_PREGUNTAS","SABER_11","11",".docx","758121","740,35","0E78629D735D5746426A74FC5A315ED79C09A00BD8A573CF9F888F4B7EB28357","alta","tokens_ciencias","media","Origen=material/05. TALLERES\CIENCIAS\Ejercicios Resultos por estudiantes\Preguntas tipo icfes Ciencias naturales.docx | Clasif=tokens_ciencias"
"05. TALLERES\LECTURA CRITICA\Componente Lectura Critica\filosofía formarte.pdf","C:\Users\ARMAN\OneDrive\Documents\examen\material\05. TALLERES\LECTURA CRITICA\Componente Lectura Critica\filosofía formarte.pdf","05. TALLERES","LECTURA_CRITICA","LECTURA_CRITICA","MATERIALES_APOYO","PRACTICA","11",".pdf","3602649","3518,21","98541950D41E1BA8E7F013D74A07D58AEB5C47E62B98CAAE4F28CE4378C41F5B","alta","tokens_lectura","baja","Origen=material/05. TALLERES\LECTURA CRITICA\Componente Lectura Critica\filosofía formarte.pdf | Clasif=tokens_lectura"
"05. TALLERES\LECTURA CRITICA\Componente Lectura Critica\Metodo de lectura rapida - Ramon Campayo.pdf","C:\Users\ARMAN\OneDrive\Documents\examen\material\05. TALLERES\LECTURA CRITICA\Componente Lectura Critica\Metodo de lectura rapida - Ramon Campayo.pdf","05. TALLERES","LECTURA_CRITICA","LECTURA_CRITICA","MATERIALES_APOYO","PRACTICA","11",".pdf","1305137","1274,55","C52C937D74A71F51F1515DA82BA185035C17FEB801C1FFA30EAF84BBF2EB4BD1","alta","tokens_lectura","baja","Origen=material/05. TALLERES\LECTURA CRITICA\Componente Lectura Critica\Metodo de lectura rapida - Ramon Campayo.pdf | Clasif=tokens_lectura"
"05. TALLERES\LECTURA CRITICA\Componente Lectura Critica\módulo teórico.pdf","C:\Users\ARMAN\OneDrive\Documents\examen\material\05. TALLERES\LECTURA CRITICA\Componente Lectura Critica\módulo teórico.pdf","05. TALLERES","LECTURA_CRITICA","LECTURA_CRITICA","MATERIALES_APOYO","PRACTICA","11",".pdf","5341572","5216,38","C0E23390F291DEF40D1E17EC40C2F9B48C26F5D29A0612E605BD9ADB0D209576","alta","tokens_lectura","baja","Origen=material/05. TALLERES\LECTURA CRITICA\Componente Lectura Critica\módulo teórico.pdf | Clasif=tokens_lectura"
"05. TALLERES\LECTURA CRITICA\Ejercicios Resueltos por Estudiantes\Preguntas icfes lectura critica.docx","C:\Users\ARMAN\OneDrive\Documents\examen\material\05. TALLERES\LECTURA CRITICA\Ejercicios Resueltos por Estudiantes\Preguntas icfes lectura critica.docx","05. TALLERES","LECTURA_CRITICA","LECTURA_CRITICA","BANCOS_PREGUNTAS","SABER_11","11",".docx","370014","361,34","8666808136940156CBCB7A3D644AD7A69AEB1FC1339A1F7385FB3E860795C25F","alta","tokens_lectura","media","Origen=material/05. TALLERES\LECTURA CRITICA\Ejercicios Resueltos por Estudiantes\Preguntas icfes lectura critica.docx | Clasif=tokens_lectura"
"05. TALLERES\MATEMATICAS\Ejercicios Resultos por estudiantes\Mas\Banco de preguntas matemáticas.docx","C:\Users\ARMAN\OneDrive\Documents\examen\material\05. TALLERES\MATEMATICAS\Ejercicios Resultos por estudiantes\Mas\Banco de preguntas matemáticas.docx","05. TALLERES","MATEMATICAS","MATEMATICAS","BANCOS_PREGUNTAS","PRACTICA","11",".docx","3666002","3580,08","2B69AB670D17CF5D6D6BD6A13CBDFB07E767B602370C86AB6F7395CF2DEB527E","alta","tokens_matematicas","media","Origen=material/05. TALLERES\MATEMATICAS\Ejercicios Resultos por estudiantes\Mas\Banco de preguntas matemáticas.docx | Clasif=tokens_matematicas"
"05. TALLERES\MATEMATICAS\Ejercicios Resultos por estudiantes\Mas\CuadernilloSaber11Matematicas2010.pdf","C:\Users\ARMAN\OneDrive\Documents\examen\material\05. TALLERES\MATEMATICAS\Ejercicios Resultos por estudiantes\Mas\CuadernilloSaber11Matematicas2010.pdf","05. TALLERES","MATEMATICAS","MATEMATICAS","BANCOS_PREGUNTAS","SABER_11","11",".pdf","972880","950,08","9427A49A3E858E61A6790AE35F2BBA724E7D1FCDEE39B34047426FB4A9F37EB2","alta","tokens_matematicas","media","Origen=material/05. TALLERES\MATEMATICAS\Ejercicios Resultos por estudiantes\Mas\CuadernilloSaber11Matematicas2010.pdf | Clasif=tokens_matematicas"
"05. TALLERES\MATEMATICAS\Ejercicios Resultos por estudiantes\Mas\CuadernilloSaber11Matematicas2012.docx","C:\Users\ARMAN\OneDrive\Documents\examen\material\05. TALLERES\MATEMATICAS\Ejercicios Resultos por estudiantes\Mas\CuadernilloSaber11Matematicas2012.docx","05. TALLERES","MATEMATICAS","MATEMATICAS","BANCOS_PREGUNTAS","SABER_11","11",".docx","1424044","1390,67","C7AEDFBBF4F258F7E81B6D1646090235F17FF2F067D8070427E1C7FD3D094EF3","alta","tokens_matematicas","media","Origen=material/05. TALLERES\MATEMATICAS\Ejercicios Resultos por estudiantes\Mas\CuadernilloSaber11Matematicas2012.docx | Clasif=tokens_matematicas"
"05. TALLERES\MATEMATICAS\Examen Final\Preguntas explicadas matematicas Saber 11.pdf","C:\Users\ARMAN\OneDrive\Documents\examen\material\05. TALLERES\MATEMATICAS\Examen Final\Preguntas explicadas matematicas Saber 11.pdf","05. TALLERES","MATEMATICAS","MATEMATICAS","BANCOS_PREGUNTAS","SABER_11","11",".pdf","13801683","13478,21","14E135155B84AF627E9EA28FED4DA3FF6257076FEA2EF21D1F679FE70598CFE4","alta","tokens_matematicas","media","Origen=material/05. TALLERES\MATEMATICAS\Examen Final\Preguntas explicadas matematicas Saber 11.pdf | Clasif=tokens_matematicas"
"05. TALLERES\SOCIALES\Componenete C. sociales\derecho internacional humanitario .pdf","C:\Users\ARMAN\OneDrive\Documents\examen\material\05. TALLERES\SOCIALES\Componenete C. sociales\derecho internacional humanitario .pdf","05. TALLERES","SOCIALES_CIUDADANAS","SOCIALES_CIUDADANAS","MATERIALES_APOYO","PRACTICA","11",".pdf","2838832","2772,3","6F15367F66F38D77989DAFCB3BB37F7456DA8D0E0D0D78E7B3B4E6BAEED63417","alta","tokens_sociales","baja","Origen=material/05. TALLERES\SOCIALES\Componenete C. sociales\derecho internacional humanitario .pdf | Clasif=tokens_sociales"
"05. TALLERES\SOCIALES\Componenete C. sociales\historia de Colombia.pdf","C:\Users\ARMAN\OneDrive\Documents\examen\material\05. TALLERES\SOCIALES\Componenete C. sociales\historia de Colombia.pdf","05. TALLERES","SOCIALES_CIUDADANAS","SOCIALES_CIUDADANAS","MATERIALES_APOYO","PRACTICA","11",".pdf","1432556","1398,98","20F726A1FC18852A1A29D8D04664CC98AEFE165872F7D044FF0C22CEA6A09B86","alta","tokens_sociales","baja","Origen=material/05. TALLERES\SOCIALES\Componenete C. sociales\historia de Colombia.pdf | Clasif=tokens_sociales"
"05. TALLERES\SOCIALES\Componenete C. sociales\libro sociales.pdf","C:\Users\ARMAN\OneDrive\Documents\examen\material\05. TALLERES\SOCIALES\Componenete C. sociales\libro sociales.pdf","05. TALLERES","SOCIALES_CIUDADANAS","SOCIALES_CIUDADANAS","MATERIALES_APOYO","PRACTICA","11",".pdf","6629272","6473,9","4403DDE80EE90A401AF34C133086CF46FE17811785FB5E40FF8E66CD4B0B0A97","alta","tokens_sociales","baja","Origen=material/05. TALLERES\SOCIALES\Componenete C. sociales\libro sociales.pdf | Clasif=tokens_sociales"
"05. TALLERES\SOCIALES\Componenete C. sociales\mecanismos de participación ciudadana.pdf","C:\Users\ARMAN\OneDrive\Documents\examen\material\05. TALLERES\SOCIALES\Componenete C. sociales\mecanismos de participación ciudadana.pdf","05. TALLERES","SOCIALES_CIUDADANAS","SOCIALES_CIUDADANAS","MATERIALES_APOYO","PRACTICA","11",".pdf","8010323","7822,58","D84C2FF2739700277880DD62554721CAE705D8DA672A26491A9BA3F663672150","alta","tokens_sociales","baja","Origen=material/05. TALLERES\SOCIALES\Componenete C. sociales\mecanismos de participación ciudadana.pdf | Clasif=tokens_sociales"
"05. TALLERES\SOCIALES\Componenete C. sociales\sociales con rta.pdf","C:\Users\ARMAN\OneDrive\Documents\examen\material\05. TALLERES\SOCIALES\Componenete C. sociales\sociales con rta.pdf","05. TALLERES","SOCIALES_CIUDADANAS","SOCIALES_CIUDADANAS","MATERIALES_APOYO","PRACTICA","11",".pdf","942679","920,58","7F8B5382F6D9E8A3B78543D66DC52F411E92F11D3C1F66A079EF7ABF3C4985F2","alta","tokens_sociales","baja","Origen=material/05. TALLERES\SOCIALES\Componenete C. sociales\sociales con rta.pdf | Clasif=tokens_sociales"
"05. TALLERES\SOCIALES\Ejercicios Resueltos por estudiantes\examen diagnostico sociales y ciudadanas.docx","C:\Users\ARMAN\OneDrive\Documents\examen\material\05. TALLERES\SOCIALES\Ejercicios Resueltos por estudiantes\examen diagnostico sociales y ciudadanas.docx","05. TALLERES","SOCIALES_CIUDADANAS","SOCIALES_CIUDADANAS","BANCOS_PREGUNTAS","DIAGNOSTICO","11",".docx","230053","224,66","B7C73BFD35CC26BDF7BDC4C7C3467C9B3C0EE351100AB0498A6F7CBC54E39B94","alta","tokens_sociales","media","Origen=material/05. TALLERES\SOCIALES\Ejercicios Resueltos por estudiantes\examen diagnostico sociales y ciudadanas.docx | Clasif=tokens_sociales"
"05. TALLERES\SOCIALES\Ejercicios Resueltos por estudiantes\examen diagnostico sociales y ciudadanas.pdf","C:\Users\ARMAN\OneDrive\Documents\examen\material\05. TALLERES\SOCIALES\Ejercicios Resueltos por estudiantes\examen diagnostico sociales y ciudadanas.pdf","05. TALLERES","SOCIALES_CIUDADANAS","SOCIALES_CIUDADANAS","BANCOS_PREGUNTAS","DIAGNOSTICO","11",".pdf","230465","225,06","AAB3DC374385F7E3803025C68B68292C5FEDEF754B7C7DC27606D6F1E841FE8A","alta","tokens_sociales","media","Origen=material/05. TALLERES\SOCIALES\Ejercicios Resueltos por estudiantes\examen diagnostico sociales y ciudadanas.pdf | Clasif=tokens_sociales"
"05. TALLERES\SOCIALES\Ejercicios Resueltos por estudiantes\Preguntas tipo icfes competencias ciudadanas.docx","C:\Users\ARMAN\OneDrive\Documents\examen\material\05. TALLERES\SOCIALES\Ejercicios Resueltos por estudiantes\Preguntas tipo icfes competencias ciudadanas.docx","05. TALLERES","SOCIALES_CIUDADANAS","SOCIALES_CIUDADANAS","BANCOS_PREGUNTAS","SABER_11","11",".docx","219191","214,05","9810ABB63B556D513692558075B55EE86410479D77421F3488911EBDFED4F8A5","alta","tokens_sociales","media","Origen=material/05. TALLERES\SOCIALES\Ejercicios Resueltos por estudiantes\Preguntas tipo icfes competencias ciudadanas.docx | Clasif=tokens_sociales"
"05. TALLERES\SOCIALES\Ejercicios Resueltos por estudiantes\Preguntas_ICFES_CienciasSociales.pdf","C:\Users\ARMAN\OneDrive\Documents\examen\material\05. TALLERES\SOCIALES\Ejercicios Resueltos por estudiantes\Preguntas_ICFES_CienciasSociales.pdf","05. TALLERES","SOCIALES_CIUDADANAS","SOCIALES_CIUDADANAS","BANCOS_PREGUNTAS","SABER_11","11",".pdf","1555660","1519,2","B519AA634EF96B0121358EBA091CB1794A1F173ED89B97154E3F8FA6ECF3686C","alta","tokens_sociales","media","Origen=material/05. TALLERES\SOCIALES\Ejercicios Resueltos por estudiantes\Preguntas_ICFES_CienciasSociales.pdf | Clasif=tokens_sociales"
"05. TALLERES\SOCIALES\Examen Final\Cuadernillo de preguntas Saber 11- Sociales y ciudadanas.pdf","C:\Users\ARMAN\OneDrive\Documents\examen\material\05. TALLERES\SOCIALES\Examen Final\Cuadernillo de preguntas Saber 11- Sociales y ciudadanas.pdf","05. TALLERES","SOCIALES_CIUDADANAS","SOCIALES_CIUDADANAS","BANCOS_PREGUNTAS","SABER_11","11",".pdf","8152380","7961,31","EA87257E24681485DC1E54EF38EC0F8C25F1784CF654C7B53DA284A3FF6D4298","alta","tokens_sociales","media","Origen=material/05. TALLERES\SOCIALES\Examen Final\Cuadernillo de preguntas Saber 11- Sociales y ciudadanas.pdf | Clasif=tokens_sociales"
"05. TALLERES\SOCIALES\Examen Final\ExamenDiagnostico_ConRespuestas.pdf","C:\Users\ARMAN\OneDrive\Documents\examen\material\05. TALLERES\SOCIALES\Examen Final\ExamenDiagnostico_ConRespuestas.pdf","05. TALLERES","SOCIALES_CIUDADANAS","SOCIALES_CIUDADANAS","BANCOS_PREGUNTAS","DIAGNOSTICO","11",".pdf","3295046","3217,82","14C443C8054CC527A6852084B24ACC7C7668861C881B857AB7B4F25E1DC4CA31","alta","tokens_sociales","media","Origen=material/05. TALLERES\SOCIALES\Examen Final\ExamenDiagnostico_ConRespuestas.pdf | Clasif=tokens_sociales"
"07. ICFES FILTRADOS\2003\Marzo\Biologia.pdf","C:\Users\ARMAN\OneDrive\Documents\examen\material\07. ICFES FILTRADOS\2003\Marzo\Biologia.pdf","07. ICFES FILTRADOS","CIENCIAS_NATURALES","CIENCIAS_NATURALES","EXAMENES","SABER_11","11",".pdf","1584234","1547,1","FCF05D88B72F991E0175AB24BC39D1217E25CC59E97C312B68E065635EE230D0","alta","tokens_ciencias","alta","Origen=material/07. ICFES FILTRADOS\2003\Marzo\Biologia.pdf | Clasif=tokens_ciencias"
"07. ICFES FILTRADOS\2003\Marzo\Fisica Profundizacion.pdf","C:\Users\ARMAN\OneDrive\Documents\examen\material\07. ICFES FILTRADOS\2003\Marzo\Fisica Profundizacion.pdf","07. ICFES FILTRADOS","CIENCIAS_NATURALES","CIENCIAS_NATURALES","EXAMENES","SABER_11","11",".pdf","390897","381,74","251FEADB5B061F7D521CE850208BA5F1BE1E3F6BFC180A998D1EA04CBAE9D58A","alta","tokens_ciencias","alta","Origen=material/07. ICFES FILTRADOS\2003\Marzo\Fisica Profundizacion.pdf | Clasif=tokens_ciencias"
"07. ICFES FILTRADOS\2003\Septiembre\Biologia Profundizacion.pdf","C:\Users\ARMAN\OneDrive\Documents\examen\material\07. ICFES FILTRADOS\2003\Septiembre\Biologia Profundizacion.pdf","07. ICFES FILTRADOS","CIENCIAS_NATURALES","CIENCIAS_NATURALES","EXAMENES","SABER_11","11",".pdf","891007","870,12","BC5DBBB89C071916DE87A55BC756A89EC8CFFE7DD87BE5035F1A320E416326A6","alta","tokens_ciencias","alta","Origen=material/07. ICFES FILTRADOS\2003\Septiembre\Biologia Profundizacion.pdf | Clasif=tokens_ciencias"
"07. ICFES FILTRADOS\2003\Septiembre\Química Profundización.pdf","C:\Users\ARMAN\OneDrive\Documents\examen\material\07. ICFES FILTRADOS\2003\Septiembre\Química Profundización.pdf","07. ICFES FILTRADOS","CIENCIAS_NATURALES","CIENCIAS_NATURALES","EXAMENES","SABER_11","11",".pdf","407389","397,84","2995F4F8184F95667941FCD85340988EBFEC8AB14BF2FD49FD0B2F58ACF88E60","alta","tokens_ciencias","alta","Origen=material/07. ICFES FILTRADOS\2003\Septiembre\Química Profundización.pdf | Clasif=tokens_ciencias"
"07. ICFES FILTRADOS\2003\Septiembre\Química.pdf","C:\Users\ARMAN\OneDrive\Documents\examen\material\07. ICFES FILTRADOS\2003\Septiembre\Química.pdf","07. ICFES FILTRADOS","CIENCIAS_NATURALES","CIENCIAS_NATURALES","EXAMENES","SABER_11","11",".pdf","481477","470,19","8BC404FCB25155DBF60ED75E3B92DF6804CAC1A8D93716A1C7D10DD19C3DA65D","alta","tokens_ciencias","alta","Origen=material/07. ICFES FILTRADOS\2003\Septiembre\Química.pdf | Clasif=tokens_ciencias"
"07. ICFES FILTRADOS\2003\Septiembre\Respuestas biologia.xls","C:\Users\ARMAN\OneDrive\Documents\examen\material\07. ICFES FILTRADOS\2003\Septiembre\Respuestas biologia.xls","07. ICFES FILTRADOS","CIENCIAS_NATURALES","CIENCIAS_NATURALES","CLAVES","SABER_11","11",".xls","19456","19","200E7116E007048038473712D6B417BDD9864F0A81E26C4A4B3E91A389EA5ACF","alta","tokens_ciencias","baja","Origen=material/07. ICFES FILTRADOS\2003\Septiembre\Respuestas biologia.xls | Clasif=tokens_ciencias"
"07. ICFES FILTRADOS\2003\Septiembre\Respuestas fisica Profundización.xls","C:\Users\ARMAN\OneDrive\Documents\examen\material\07. ICFES FILTRADOS\2003\Septiembre\Respuestas fisica Profundización.xls","07. ICFES FILTRADOS","CIENCIAS_NATURALES","CIENCIAS_NATURALES","CLAVES","SABER_11","11",".xls","18432","18","CF75A98287B93CFB795D5A867309FA19AE335998303E4107365A14AB14273D3C","alta","tokens_ciencias","baja","Origen=material/07. ICFES FILTRADOS\2003\Septiembre\Respuestas fisica Profundización.xls | Clasif=tokens_ciencias"
"07. ICFES FILTRADOS\2003\Septiembre\Respuestas quimica Profundización.xls","C:\Users\ARMAN\OneDrive\Documents\examen\material\07. ICFES FILTRADOS\2003\Septiembre\Respuestas quimica Profundización.xls","07. ICFES FILTRADOS","CIENCIAS_NATURALES","CIENCIAS_NATURALES","CLAVES","SABER_11","11",".xls","17408","17","BEC8B90612ADFAB351D8E0F7F424B76C811CE2B2A5D993DADAA85EDE0486B94F","alta","tokens_ciencias","baja","Origen=material/07. ICFES FILTRADOS\2003\Septiembre\Respuestas quimica Profundización.xls | Clasif=tokens_ciencias"
"07. ICFES FILTRADOS\2003\Septiembre\Respuestas quimica.xls","C:\Users\ARMAN\OneDrive\Documents\examen\material\07. ICFES FILTRADOS\2003\Septiembre\Respuestas quimica.xls","07. ICFES FILTRADOS","CIENCIAS_NATURALES","CIENCIAS_NATURALES","CLAVES","SABER_11","11",".xls","26112","25,5","0C71191318988F0E3E76E78C2050CCC95183A15301BD8AF7DFE67FFEB97DF7B7","alta","tokens_ciencias","baja","Origen=material/07. ICFES FILTRADOS\2003\Septiembre\Respuestas quimica.xls | Clasif=tokens_ciencias"
"07. ICFES FILTRADOS\2004\Abril\Biologia profundización.pdf","C:\Users\ARMAN\OneDrive\Documents\examen\material\07. ICFES FILTRADOS\2004\Abril\Biologia profundización.pdf","07. ICFES FILTRADOS","CIENCIAS_NATURALES","CIENCIAS_NATURALES","EXAMENES","SABER_11","11",".pdf","698807","682,43","2E48059A0FFD14403BE3B852106DE53DD74DC4FCF654F9D370A7FEEB2D804D21","alta","tokens_ciencias","alta","Origen=material/07. ICFES FILTRADOS\2004\Abril\Biologia profundización.pdf | Clasif=tokens_ciencias"
"07. ICFES FILTRADOS\2004\Abril\Biologia.pdf","C:\Users\ARMAN\OneDrive\Documents\examen\material\07. ICFES FILTRADOS\2004\Abril\Biologia.pdf","07. ICFES FILTRADOS","CIENCIAS_NATURALES","CIENCIAS_NATURALES","EXAMENES","SABER_11","11",".pdf","1026637","1002,58","EF3A70BEF644E2BC4EF0CFFCA3BD166D108396F37F59673A460994EE6CA580CA","alta","tokens_ciencias","alta","Origen=material/07. ICFES FILTRADOS\2004\Abril\Biologia.pdf | Clasif=tokens_ciencias"
"07. ICFES FILTRADOS\2004\Abril\Quimica.pdf","C:\Users\ARMAN\OneDrive\Documents\examen\material\07. ICFES FILTRADOS\2004\Abril\Quimica.pdf","07. ICFES FILTRADOS","CIENCIAS_NATURALES","CIENCIAS_NATURALES","EXAMENES","SABER_11","11",".pdf","676439","660,58","C69CA6131D74B62DE1547855F66C89269B207443C2932CD3E5305FA2E4C8AEE2","alta","tokens_ciencias","alta","Origen=material/07. ICFES FILTRADOS\2004\Abril\Quimica.pdf | Clasif=tokens_ciencias"
"07. ICFES FILTRADOS\2021\ICFES CALENDARIO B\CCNN MARZO 2021.pdf","C:\Users\ARMAN\OneDrive\Documents\examen\material\07. ICFES FILTRADOS\2021\ICFES CALENDARIO B\CCNN MARZO 2021.pdf","07. ICFES FILTRADOS","CIENCIAS_NATURALES","CIENCIAS_NATURALES","EXAMENES","SABER_11","11",".pdf","2361954","2306,6","627FE0CC7019F48C62AD987F7B1F468BB5DE8C34BFCBBBF13AFF8EAB2E3BA75D","alta","tokens_ciencias","alta","Origen=material/07. ICFES FILTRADOS\2021\ICFES CALENDARIO B\CCNN MARZO 2021.pdf | Clasif=tokens_ciencias"
"07. ICFES FILTRADOS\2021\ICFES CALENDARIO B\NATURALES MARCADAS.pdf","C:\Users\ARMAN\OneDrive\Documents\examen\material\07. ICFES FILTRADOS\2021\ICFES CALENDARIO B\NATURALES MARCADAS.pdf","07. ICFES FILTRADOS","CIENCIAS_NATURALES","CIENCIAS_NATURALES","CLAVES","SABER_11","11",".pdf","37728378","36844,12","551D7E007482381F08B20668365C1609562EF91E7AFF6BCFD0EB75FF07BF6BE7","alta","tokens_ciencias","baja","Origen=material/07. ICFES FILTRADOS\2021\ICFES CALENDARIO B\NATURALES MARCADAS.pdf | Clasif=tokens_ciencias"
"07. ICFES FILTRADOS\2003\Septiembre\Respuestas filosofia Profundización.xls","C:\Users\ARMAN\OneDrive\Documents\examen\material\07. ICFES FILTRADOS\2003\Septiembre\Respuestas filosofia Profundización.xls","07. ICFES FILTRADOS","FILOSOFIA","LECTURA_CRITICA","CLAVES","SABER_11","11",".xls","17408","17","9BC38818ECA098FD60EEE4B2253BA7096C144A01999E8DAD3464E2F0E0D5F3FA","media","filosofia_mapeada_a_lectura","baja","Origen=material/07. ICFES FILTRADOS\2003\Septiembre\Respuestas filosofia Profundización.xls | Clasif=filosofia_mapeada_a_lectura"
"07. ICFES FILTRADOS\2006\Filosofía\2.pdf","C:\Users\ARMAN\OneDrive\Documents\examen\material\07. ICFES FILTRADOS\2006\Filosofía\2.pdf","07. ICFES FILTRADOS","FILOSOFIA","LECTURA_CRITICA","EXAMENES","SABER_11","11",".pdf","163021","159,2","8C02E4E741678C0A817A7D63FEDBC341A777023924483AF38E91ABBE46415541","media","filosofia_mapeada_a_lectura","alta","Origen=material/07. ICFES FILTRADOS\2006\Filosofía\2.pdf | Clasif=filosofia_mapeada_a_lectura"
"07. ICFES FILTRADOS\2003\Septiembre\Respuestas ingles.xls","C:\Users\ARMAN\OneDrive\Documents\examen\material\07. ICFES FILTRADOS\2003\Septiembre\Respuestas ingles.xls","07. ICFES FILTRADOS","INGLES","INGLES","CLAVES","SABER_11","11",".xls","26112","25,5","A9F3B9AB60B8D21D6F94772CD64D2F9E141832B8643909B90946367F6DA9FC89","alta","tokens_ingles","baja","Origen=material/07. ICFES FILTRADOS\2003\Septiembre\Respuestas ingles.xls | Clasif=tokens_ingles"
"07. ICFES FILTRADOS\2003\Marzo\Lenguaje Profundizacion.pdf","C:\Users\ARMAN\OneDrive\Documents\examen\material\07. ICFES FILTRADOS\2003\Marzo\Lenguaje Profundizacion.pdf","07. ICFES FILTRADOS","LECTURA_CRITICA","LECTURA_CRITICA","EXAMENES","SABER_11","11",".pdf","112555","109,92","2700C89E06B48138E737E4635BCFBF6782C5947ADFCCC1AAF32D139E62BE65C4","alta","tokens_lectura","alta","Origen=material/07. ICFES FILTRADOS\2003\Marzo\Lenguaje Profundizacion.pdf | Clasif=tokens_lectura"
"07. ICFES FILTRADOS\2006\Lenguaje\2.pdf","C:\Users\ARMAN\OneDrive\Documents\examen\material\07. ICFES FILTRADOS\2006\Lenguaje\2.pdf","07. ICFES FILTRADOS","LECTURA_CRITICA","LECTURA_CRITICA","EXAMENES","SABER_11","11",".pdf","178340","174,16","EC00014C7DF2DC2DC6324C3C4F37768E62ED2D4A11DBFDEF07E1F35C631E4196","alta","tokens_lectura","alta","Origen=material/07. ICFES FILTRADOS\2006\Lenguaje\2.pdf | Clasif=tokens_lectura"
"07. ICFES FILTRADOS\2006\Matematicas\2.pdf","C:\Users\ARMAN\OneDrive\Documents\examen\material\07. ICFES FILTRADOS\2006\Matematicas\2.pdf","07. ICFES FILTRADOS","MATEMATICAS","MATEMATICAS","EXAMENES","SABER_11","11",".pdf","1690813","1651,18","211F3DC41F4CA456FE5EF376EFF0F5CB3BB8E7D75B4FE36D8CF52FFB093A930D","alta","tokens_matematicas","alta","Origen=material/07. ICFES FILTRADOS\2006\Matematicas\2.pdf | Clasif=tokens_matematicas"
"07. ICFES FILTRADOS\2006\Matematicas\profundizacion 1.pdf","C:\Users\ARMAN\OneDrive\Documents\examen\material\07. ICFES FILTRADOS\2006\Matematicas\profundizacion 1.pdf","07. ICFES FILTRADOS","MATEMATICAS","MATEMATICAS","EXAMENES","SABER_11","11",".pdf","307900","300,68","5DCF970B97856BFB01FC50675BD1367D08F243F2D7F76FEE61AE3A4B556216AD","alta","tokens_matematicas","alta","Origen=material/07. ICFES FILTRADOS\2006\Matematicas\profundizacion 1.pdf | Clasif=tokens_matematicas"
"07. ICFES FILTRADOS\2006\Matematicas\profundizacion 2.pdf","C:\Users\ARMAN\OneDrive\Documents\examen\material\07. ICFES FILTRADOS\2006\Matematicas\profundizacion 2.pdf","07. ICFES FILTRADOS","MATEMATICAS","MATEMATICAS","EXAMENES","SABER_11","11",".pdf","148841","145,35","EABFA0C70978A60185157B34A0C56B8F58AAED93F8498A7F42DE35FE22ECFB16","alta","tokens_matematicas","alta","Origen=material/07. ICFES FILTRADOS\2006\Matematicas\profundizacion 2.pdf | Clasif=tokens_matematicas"
"07. ICFES FILTRADOS\2006\Matematicas\respuestas1.xls","C:\Users\ARMAN\OneDrive\Documents\examen\material\07. ICFES FILTRADOS\2006\Matematicas\respuestas1.xls","07. ICFES FILTRADOS","MATEMATICAS","MATEMATICAS","CLAVES","SABER_11","11",".xls","14336","14","BFFCA720619C3790D36648F2E895347AB9103D5129D8C510A34064D6E24B6BFA","alta","tokens_matematicas","baja","Origen=material/07. ICFES FILTRADOS\2006\Matematicas\respuestas1.xls | Clasif=tokens_matematicas"
"07. ICFES FILTRADOS\2003\Marzo\Medios de comunicacion y cultura.pdf","C:\Users\ARMAN\OneDrive\Documents\examen\material\07. ICFES FILTRADOS\2003\Marzo\Medios de comunicacion y cultura.pdf","07. ICFES FILTRADOS","MULTI_AREA",,"EXAMENES","SABER_11","11",".pdf","139087","135,83","9C319F87D99CE80417B53D6EFDDBBBBD297BA669185282377BC738BE49DF298C","baja","sin_tokens_claros","alta","Origen=material/07. ICFES FILTRADOS\2003\Marzo\Medios de comunicacion y cultura.pdf | Clasif=sin_tokens_claros"
"07. ICFES FILTRADOS\2003\Marzo\Respuestas.xls","C:\Users\ARMAN\OneDrive\Documents\examen\material\07. ICFES FILTRADOS\2003\Marzo\Respuestas.xls","07. ICFES FILTRADOS","MULTI_AREA",,"CLAVES","SABER_11","11",".xls","83456","81,5","D88BA687EACF2204C24997D97278E529A01479A4BB54E17206A3F0F0423AA49C","baja","sin_tokens_claros","baja","Origen=material/07. ICFES FILTRADOS\2003\Marzo\Respuestas.xls | Clasif=sin_tokens_claros"
"07. ICFES FILTRADOS\2003\Septiembre\Medio ambiente.pdf","C:\Users\ARMAN\OneDrive\Documents\examen\material\07. ICFES FILTRADOS\2003\Septiembre\Medio ambiente.pdf","07. ICFES FILTRADOS","MULTI_AREA",,"EXAMENES","SABER_11","11",".pdf","328720","321,02","E24E0D26AAA09F24E4D746307FA845A40B73A575B344741854B42F3D017ACDD2","media","material_multiarea","alta","Origen=material/07. ICFES FILTRADOS\2003\Septiembre\Medio ambiente.pdf | Clasif=material_multiarea"
"07. ICFES FILTRADOS\2006\Interdisciplinarias\Medio Ambiente\1.pdf","C:\Users\ARMAN\OneDrive\Documents\examen\material\07. ICFES FILTRADOS\2006\Interdisciplinarias\Medio Ambiente\1.pdf","07. ICFES FILTRADOS","MULTI_AREA",,"EXAMENES","SABER_11","11",".pdf","102165","99,77","556168E88C42FFC7D9E758E43E65BE73C9E1A8DF29D9C4932DBF8AD12A118455","media","material_multiarea","alta","Origen=material/07. ICFES FILTRADOS\2006\Interdisciplinarias\Medio Ambiente\1.pdf | Clasif=material_multiarea"
"07. ICFES FILTRADOS\2006\Interdisciplinarias\Medio Ambiente\respuestas 1.xls","C:\Users\ARMAN\OneDrive\Documents\examen\material\07. ICFES FILTRADOS\2006\Interdisciplinarias\Medio Ambiente\respuestas 1.xls","07. ICFES FILTRADOS","MULTI_AREA",,"CLAVES","SABER_11","11",".xls","14336","14","D2744220E9AE75A924C130A65FB0D7A921031A1C45BA69A3CB9A723BA14A0BF7","media","material_multiarea","baja","Origen=material/07. ICFES FILTRADOS\2006\Interdisciplinarias\Medio Ambiente\respuestas 1.xls | Clasif=material_multiarea"
"07. ICFES FILTRADOS\2006\Interdisciplinarias\Medio Ambiente\respuestas 2.xls","C:\Users\ARMAN\OneDrive\Documents\examen\material\07. ICFES FILTRADOS\2006\Interdisciplinarias\Medio Ambiente\respuestas 2.xls","07. ICFES FILTRADOS","MULTI_AREA",,"CLAVES","SABER_11","11",".xls","14848","14,5","E12CAE8E32435AF874FCACE9F3411A0BED5DADBF71344940D0D5CAEB7849A3F2","media","material_multiarea","baja","Origen=material/07. ICFES FILTRADOS\2006\Interdisciplinarias\Medio Ambiente\respuestas 2.xls | Clasif=material_multiarea"
"07. ICFES FILTRADOS\2018\Icfes 2018\Calendario A\Segunda sesión\2018-2 CON RESPUESTAS.pdf","C:\Users\ARMAN\OneDrive\Documents\examen\material\07. ICFES FILTRADOS\2018\Icfes 2018\Calendario A\Segunda sesión\2018-2 CON RESPUESTAS.pdf","07. ICFES FILTRADOS","MULTI_AREA",,"CLAVES","SABER_11","11",".pdf","4893537","4778,84","2F11A023C6824DE858651C02FDC859B6CBCBAE10F9E5035B2A290D5707C199D7","media","material_multiarea","baja","Origen=material/07. ICFES FILTRADOS\2018\Icfes 2018\Calendario A\Segunda sesión\2018-2 CON RESPUESTAS.pdf | Clasif=material_multiarea"
"07. ICFES FILTRADOS\2018\Icfes 2018\Calendario A\Segunda sesión\2018-2.pdf","C:\Users\ARMAN\OneDrive\Documents\examen\material\07. ICFES FILTRADOS\2018\Icfes 2018\Calendario A\Segunda sesión\2018-2.pdf","07. ICFES FILTRADOS","MULTI_AREA",,"EXAMENES","SABER_11","11",".pdf","2407127","2350,71","3E6479E820452418F5D9781499C8711828587456E0206539D53E9D7820801F3E","media","material_multiarea","alta","Origen=material/07. ICFES FILTRADOS\2018\Icfes 2018\Calendario A\Segunda sesión\2018-2.pdf | Clasif=material_multiarea"
"07. ICFES FILTRADOS\2025\Cuadernillo adicional\Individuales\IMG 01\02.png","C:\Users\ARMAN\OneDrive\Documents\examen\material\07. ICFES FILTRADOS\2025\Cuadernillo adicional\Individuales\IMG 01\02.png","07. ICFES FILTRADOS","MULTI_AREA",,"EXAMENES","SABER_11","11",".png","644183","629,08","53E6E1CD4EC38F65173AF20AFB2ABDD1AE9973A2E45ECB17E015A9BC51845403","media","material_multiarea","alta","Origen=material/07. ICFES FILTRADOS\2025\Cuadernillo adicional\Individuales\IMG 01\02.png | Clasif=material_multiarea"
"07. ICFES FILTRADOS\2025\Cuadernillo adicional\Individuales\IMG 01\06.png","C:\Users\ARMAN\OneDrive\Documents\examen\material\07. ICFES FILTRADOS\2025\Cuadernillo adicional\Individuales\IMG 01\06.png","07. ICFES FILTRADOS","MULTI_AREA",,"EXAMENES","SABER_11","11",".png","1042301","1017,87","E8932B357F50DE1049FCCCDB7342075A842BCD45E683755D54243D03B3BE4BDC","media","material_multiarea","alta","Origen=material/07. ICFES FILTRADOS\2025\Cuadernillo adicional\Individuales\IMG 01\06.png | Clasif=material_multiarea"
"07. ICFES FILTRADOS\2025\Cuadernillo adicional\Individuales\IMG 01\20.png","C:\Users\ARMAN\OneDrive\Documents\examen\material\07. ICFES FILTRADOS\2025\Cuadernillo adicional\Individuales\IMG 01\20.png","07. ICFES FILTRADOS","MULTI_AREA",,"EXAMENES","SABER_11","11",".png","929638","907,85","B59E94A2DCFEBEFAE0D22474568A4998D5D3386D5339769990D48121C0A238ED","media","material_multiarea","alta","Origen=material/07. ICFES FILTRADOS\2025\Cuadernillo adicional\Individuales\IMG 01\20.png | Clasif=material_multiarea"
"07. ICFES FILTRADOS\2025\Cuadernillo adicional\Individuales\IMG 01\44.png","C:\Users\ARMAN\OneDrive\Documents\examen\material\07. ICFES FILTRADOS\2025\Cuadernillo adicional\Individuales\IMG 01\44.png","07. ICFES FILTRADOS","MULTI_AREA",,"EXAMENES","SABER_11","11",".png","1672218","1633,03","FB74A17F5E48CC645ADB21A41391D33EE563B290298EB1C62FEA32D4A60630F9","media","material_multiarea","alta","Origen=material/07. ICFES FILTRADOS\2025\Cuadernillo adicional\Individuales\IMG 01\44.png | Clasif=material_multiarea"
"07. ICFES FILTRADOS\2025\Cuadernillo adicional\Individuales\IMG\04.png","C:\Users\ARMAN\OneDrive\Documents\examen\material\07. ICFES FILTRADOS\2025\Cuadernillo adicional\Individuales\IMG\04.png","07. ICFES FILTRADOS","MULTI_AREA",,"CLAVES","SABER_11","11",".png","905904","884,67","BBCDFB8E44A3E2036E3D839186474EA17683AC5ABD20FEAF6140FC5EE0C2681E","media","material_multiarea","baja","Origen=material/07. ICFES FILTRADOS\2025\Cuadernillo adicional\Individuales\IMG\04.png | Clasif=material_multiarea"
"07. ICFES FILTRADOS\2025\Cuadernillo adicional\Individuales\IMG\05.png","C:\Users\ARMAN\OneDrive\Documents\examen\material\07. ICFES FILTRADOS\2025\Cuadernillo adicional\Individuales\IMG\05.png","07. ICFES FILTRADOS","MULTI_AREA",,"CLAVES","SABER_11","11",".png","939926","917,9","FEBDCC33E4210B7051C0BC0B4602FFF2CBA403816AB691A4E4EB746DC4C7FF13","media","material_multiarea","baja","Origen=material/07. ICFES FILTRADOS\2025\Cuadernillo adicional\Individuales\IMG\05.png | Clasif=material_multiarea"
"07. ICFES FILTRADOS\2025\Cuadernillo adicional\Individuales\IMG\11.png","C:\Users\ARMAN\OneDrive\Documents\examen\material\07. ICFES FILTRADOS\2025\Cuadernillo adicional\Individuales\IMG\11.png","07. ICFES FILTRADOS","MULTI_AREA",,"CLAVES","SABER_11","11",".png","1204562","1176,33","3EEE3DF8427B69BBA6EEC6F8B0B2D4A8035721784E96C0F8DCB52B2A9D610052","media","material_multiarea","baja","Origen=material/07. ICFES FILTRADOS\2025\Cuadernillo adicional\Individuales\IMG\11.png | Clasif=material_multiarea"
"07. ICFES FILTRADOS\2025\Cuadernillo adicional\Individuales\IMG\15.png","C:\Users\ARMAN\OneDrive\Documents\examen\material\07. ICFES FILTRADOS\2025\Cuadernillo adicional\Individuales\IMG\15.png","07. ICFES FILTRADOS","MULTI_AREA",,"CLAVES","SABER_11","11",".png","1133467","1106,9","2980B4BCFD54CB0E000330C3E22C29BD4F91DE06C61C7D766CE9A725007227AF","media","material_multiarea","baja","Origen=material/07. ICFES FILTRADOS\2025\Cuadernillo adicional\Individuales\IMG\15.png | Clasif=material_multiarea"
"07. ICFES FILTRADOS\2025\Cuadernillo adicional\Individuales\IMG\16.png","C:\Users\ARMAN\OneDrive\Documents\examen\material\07. ICFES FILTRADOS\2025\Cuadernillo adicional\Individuales\IMG\16.png","07. ICFES FILTRADOS","MULTI_AREA",,"CLAVES","SABER_11","11",".png","1125019","1098,65","923D589F5BA872ECDABE28E4646023E45D536B7C642B60BEB7485FF835231AF0","media","material_multiarea","baja","Origen=material/07. ICFES FILTRADOS\2025\Cuadernillo adicional\Individuales\IMG\16.png | Clasif=material_multiarea"
"07. ICFES FILTRADOS\2025\Cuadernillo adicional\Individuales\IMG\23.png","C:\Users\ARMAN\OneDrive\Documents\examen\material\07. ICFES FILTRADOS\2025\Cuadernillo adicional\Individuales\IMG\23.png","07. ICFES FILTRADOS","MULTI_AREA",,"CLAVES","SABER_11","11",".png","844260","824,47","AE61C4ECC27EC79B3CDF2C1CF7BCD8C8B4129D7251C9F3A08AE8485004663F3F","media","material_multiarea","baja","Origen=material/07. ICFES FILTRADOS\2025\Cuadernillo adicional\Individuales\IMG\23.png | Clasif=material_multiarea"
"07. ICFES FILTRADOS\2025\Cuadernillo adicional\Individuales\IMG\26.png","C:\Users\ARMAN\OneDrive\Documents\examen\material\07. ICFES FILTRADOS\2025\Cuadernillo adicional\Individuales\IMG\26.png","07. ICFES FILTRADOS","MULTI_AREA",,"CLAVES","SABER_11","11",".png","1175819","1148,26","BC61B74F82BB442AA8265973C970ABAB19E4FB25F390E516A6DC6104A0F40042","media","material_multiarea","baja","Origen=material/07. ICFES FILTRADOS\2025\Cuadernillo adicional\Individuales\IMG\26.png | Clasif=material_multiarea"
"07. ICFES FILTRADOS\2025\Cuadernillo adicional\Individuales\IMG\31.png","C:\Users\ARMAN\OneDrive\Documents\examen\material\07. ICFES FILTRADOS\2025\Cuadernillo adicional\Individuales\IMG\31.png","07. ICFES FILTRADOS","MULTI_AREA",,"CLAVES","SABER_11","11",".png","1042853","1018,41","A89A5931E91BFF5680DCD8DE66E83D05BA03B6BD1B1DB4652EA9B066D022F971","media","material_multiarea","baja","Origen=material/07. ICFES FILTRADOS\2025\Cuadernillo adicional\Individuales\IMG\31.png | Clasif=material_multiarea"
"07. ICFES FILTRADOS\2025\Cuadernillo adicional\Individuales\IMG\33.png","C:\Users\ARMAN\OneDrive\Documents\examen\material\07. ICFES FILTRADOS\2025\Cuadernillo adicional\Individuales\IMG\33.png","07. ICFES FILTRADOS","MULTI_AREA",,"CLAVES","SABER_11","11",".png","1100514","1074,72","C1E23E48A0D9A29B32A514A2A67511A827E9F6D6CA9261A4EF1BA45E58F836C1","media","material_multiarea","baja","Origen=material/07. ICFES FILTRADOS\2025\Cuadernillo adicional\Individuales\IMG\33.png | Clasif=material_multiarea"
"07. ICFES FILTRADOS\2025\Cuadernillo adicional\Individuales\IMG\34.png","C:\Users\ARMAN\OneDrive\Documents\examen\material\07. ICFES FILTRADOS\2025\Cuadernillo adicional\Individuales\IMG\34.png","07. ICFES FILTRADOS","MULTI_AREA",,"CLAVES","SABER_11","11",".png","1320058","1289,12","916D1F5BBF24F41982CEFC4163B5A776152F42D57D3EBECE188C146EA6C60575","media","material_multiarea","baja","Origen=material/07. ICFES FILTRADOS\2025\Cuadernillo adicional\Individuales\IMG\34.png | Clasif=material_multiarea"
"07. ICFES FILTRADOS\2025\Cuadernillo adicional\Individuales\IMG\40.png","C:\Users\ARMAN\OneDrive\Documents\examen\material\07. ICFES FILTRADOS\2025\Cuadernillo adicional\Individuales\IMG\40.png","07. ICFES FILTRADOS","MULTI_AREA",,"CLAVES","SABER_11","11",".png","1068594","1043,55","50207871F0E61607E5D756E67B7ADAF5CAE2160EE96110340A2C3FFB50E78E92","media","material_multiarea","baja","Origen=material/07. ICFES FILTRADOS\2025\Cuadernillo adicional\Individuales\IMG\40.png | Clasif=material_multiarea"
"07. ICFES FILTRADOS\2025\Cuadernillo adicional\Individuales\IMG\42.png","C:\Users\ARMAN\OneDrive\Documents\examen\material\07. ICFES FILTRADOS\2025\Cuadernillo adicional\Individuales\IMG\42.png","07. ICFES FILTRADOS","MULTI_AREA",,"CLAVES","SABER_11","11",".png","1106364","1080,43","3D8333C67F1E828443CFCDD37B932214B818C32CD90961EC542DAD39DB524C03","media","material_multiarea","baja","Origen=material/07. ICFES FILTRADOS\2025\Cuadernillo adicional\Individuales\IMG\42.png | Clasif=material_multiarea"
"07. ICFES FILTRADOS\2025\Icfes Calendario A y B\Calendario B.pdf","C:\Users\ARMAN\OneDrive\Documents\examen\material\07. ICFES FILTRADOS\2025\Icfes Calendario A y B\Calendario B.pdf","07. ICFES FILTRADOS","MULTI_AREA",,"EXAMENES","SABER_11","11",".pdf","12058701","11776,08","D33AC91A0B7C739F626819AAFEFC8283A462709436A7476E2A2EB47AD28BA50A","media","material_multiarea","alta","Origen=material/07. ICFES FILTRADOS\2025\Icfes Calendario A y B\Calendario B.pdf | Clasif=material_multiarea"
"07. ICFES FILTRADOS\2025\Icfes Calendario A y B\IMG A\R. Primera Sesión_page-0001.jpg","C:\Users\ARMAN\OneDrive\Documents\examen\material\07. ICFES FILTRADOS\2025\Icfes Calendario A y B\IMG A\R. Primera Sesión_page-0001.jpg","07. ICFES FILTRADOS","MULTI_AREA",,"CLAVES","SABER_11","11",".jpg","3875111","3784,29","EEE94D7B89AF4DBA28B4B2D4D833B807DEC597145DED09B0898432413D350DC4","media","material_multiarea","baja","Origen=material/07. ICFES FILTRADOS\2025\Icfes Calendario A y B\IMG A\R. Primera Sesión_page-0001.jpg | Clasif=material_multiarea"
"07. ICFES FILTRADOS\2025\Icfes Calendario A y B\IMG A\R. Primera Sesión_page-0007.jpg","C:\Users\ARMAN\OneDrive\Documents\examen\material\07. ICFES FILTRADOS\2025\Icfes Calendario A y B\IMG A\R. Primera Sesión_page-0007.jpg","07. ICFES FILTRADOS","MULTI_AREA",,"CLAVES","SABER_11","11",".jpg","3272218","3195,53","5E7A9D03379466FF119D34695CF823A36816E0305A93E5A02EC81E58D19B9576","media","material_multiarea","baja","Origen=material/07. ICFES FILTRADOS\2025\Icfes Calendario A y B\IMG A\R. Primera Sesión_page-0007.jpg | Clasif=material_multiarea"
"07. ICFES FILTRADOS\2025\Icfes Calendario A y B\IMG A\R. Primera Sesión_page-0018.jpg","C:\Users\ARMAN\OneDrive\Documents\examen\material\07. ICFES FILTRADOS\2025\Icfes Calendario A y B\IMG A\R. Primera Sesión_page-0018.jpg","07. ICFES FILTRADOS","MULTI_AREA",,"CLAVES","SABER_11","11",".jpg","4261732","4161,85","51EF3597EF26DA862047FF0FA1E4D43BB5EF935E2665EF61819A1505D00959FB","media","material_multiarea","baja","Origen=material/07. ICFES FILTRADOS\2025\Icfes Calendario A y B\IMG A\R. Primera Sesión_page-0018.jpg | Clasif=material_multiarea"
"07. ICFES FILTRADOS\2025\Icfes Calendario A y B\IMG A\R. Primera Sesión_page-0022.jpg","C:\Users\ARMAN\OneDrive\Documents\examen\material\07. ICFES FILTRADOS\2025\Icfes Calendario A y B\IMG A\R. Primera Sesión_page-0022.jpg","07. ICFES FILTRADOS","MULTI_AREA",,"CLAVES","SABER_11","11",".jpg","3558773","3475,36","DDB730D3B8208DD8DA2128B08552409E3EB5173E7C2603234D5292874364AACA","media","material_multiarea","baja","Origen=material/07. ICFES FILTRADOS\2025\Icfes Calendario A y B\IMG A\R. Primera Sesión_page-0022.jpg | Clasif=material_multiarea"
"07. ICFES FILTRADOS\2025\Icfes Calendario A y B\IMG A\R. Primera Sesión_page-0026.jpg","C:\Users\ARMAN\OneDrive\Documents\examen\material\07. ICFES FILTRADOS\2025\Icfes Calendario A y B\IMG A\R. Primera Sesión_page-0026.jpg","07. ICFES FILTRADOS","MULTI_AREA",,"CLAVES","SABER_11","11",".jpg","4397486","4294,42","AD167A0D298DA8A7B1466CACBFEB7D6B6E7827D8AF25B4AB0660D56D1CF89FB0","media","material_multiarea","baja","Origen=material/07. ICFES FILTRADOS\2025\Icfes Calendario A y B\IMG A\R. Primera Sesión_page-0026.jpg | Clasif=material_multiarea"
"07. ICFES FILTRADOS\2025\Icfes Calendario A y B\IMG A\R. Primera Sesión_page-0028.jpg","C:\Users\ARMAN\OneDrive\Documents\examen\material\07. ICFES FILTRADOS\2025\Icfes Calendario A y B\IMG A\R. Primera Sesión_page-0028.jpg","07. ICFES FILTRADOS","MULTI_AREA",,"CLAVES","SABER_11","11",".jpg","4644930","4536,06","247B88525FCBD3DD6A08B25871BCF5CC6F7CEF62A4EA3F602490F0C2E21CD431","media","material_multiarea","baja","Origen=material/07. ICFES FILTRADOS\2025\Icfes Calendario A y B\IMG A\R. Primera Sesión_page-0028.jpg | Clasif=material_multiarea"
"07. ICFES FILTRADOS\2025\Icfes Calendario A y B\IMG A\R. Primera Sesión_page-0029.jpg","C:\Users\ARMAN\OneDrive\Documents\examen\material\07. ICFES FILTRADOS\2025\Icfes Calendario A y B\IMG A\R. Primera Sesión_page-0029.jpg","07. ICFES FILTRADOS","MULTI_AREA",,"CLAVES","SABER_11","11",".jpg","4546209","4439,66","F094C5BE32F69DC9E8DF2C4B18120D3F2B478E993D27A3893E9B265FFDCD0D28","media","material_multiarea","baja","Origen=material/07. ICFES FILTRADOS\2025\Icfes Calendario A y B\IMG A\R. Primera Sesión_page-0029.jpg | Clasif=material_multiarea"
"07. ICFES FILTRADOS\2025\Icfes Calendario A y B\IMG A\R. Primera Sesión_page-0030.jpg","C:\Users\ARMAN\OneDrive\Documents\examen\material\07. ICFES FILTRADOS\2025\Icfes Calendario A y B\IMG A\R. Primera Sesión_page-0030.jpg","07. ICFES FILTRADOS","MULTI_AREA",,"CLAVES","SABER_11","11",".jpg","4056797","3961,72","66BB86A6CADBA04A4A3574F089237D9D5B00927FEA63BFFF5EA7546427A94038","media","material_multiarea","baja","Origen=material/07. ICFES FILTRADOS\2025\Icfes Calendario A y B\IMG A\R. Primera Sesión_page-0030.jpg | Clasif=material_multiarea"
"07. ICFES FILTRADOS\2025\Icfes Calendario A y B\IMG A\R. Primera Sesión_page-0034.jpg","C:\Users\ARMAN\OneDrive\Documents\examen\material\07. ICFES FILTRADOS\2025\Icfes Calendario A y B\IMG A\R. Primera Sesión_page-0034.jpg","07. ICFES FILTRADOS","MULTI_AREA",,"CLAVES","SABER_11","11",".jpg","3634705","3549,52","D0D9188421736006F7718AAC5B5A213EDCA1F6263F0B4979DE8E9FC0741B7C00","media","material_multiarea","baja","Origen=material/07. ICFES FILTRADOS\2025\Icfes Calendario A y B\IMG A\R. Primera Sesión_page-0034.jpg | Clasif=material_multiarea"
"07. ICFES FILTRADOS\2025\Icfes Calendario A y B\IMG A\R. Primera Sesión_page-0035.jpg","C:\Users\ARMAN\OneDrive\Documents\examen\material\07. ICFES FILTRADOS\2025\Icfes Calendario A y B\IMG A\R. Primera Sesión_page-0035.jpg","07. ICFES FILTRADOS","MULTI_AREA",,"CLAVES","SABER_11","11",".jpg","3681249","3594,97","CA89827B38B0AE165A737F9BE985D3D17B765EC43DA0FA56164D1B34849D0317","media","material_multiarea","baja","Origen=material/07. ICFES FILTRADOS\2025\Icfes Calendario A y B\IMG A\R. Primera Sesión_page-0035.jpg | Clasif=material_multiarea"
"07. ICFES FILTRADOS\2025\Icfes Calendario A y B\IMG B\01.png","C:\Users\ARMAN\OneDrive\Documents\examen\material\07. ICFES FILTRADOS\2025\Icfes Calendario A y B\IMG B\01.png","07. ICFES FILTRADOS","MULTI_AREA",,"CLAVES","SABER_11","11",".png","1319875","1288,94","749DCCBAB337991C190E54445D4644AF2F9B0CB2155768C06FFD4E0EDADC42FA","media","material_multiarea","baja","Origen=material/07. ICFES FILTRADOS\2025\Icfes Calendario A y B\IMG B\01.png | Clasif=material_multiarea"
"07. ICFES FILTRADOS\2025\Icfes Calendario A y B\IMG B\10.png","C:\Users\ARMAN\OneDrive\Documents\examen\material\07. ICFES FILTRADOS\2025\Icfes Calendario A y B\IMG B\10.png","07. ICFES FILTRADOS","MULTI_AREA",,"CLAVES","SABER_11","11",".png","828080","808,67","2FFF13C6D37B8B29AF75401FEF761702D4CAD397CD1C2DDD643734E102F8EA70","media","material_multiarea","baja","Origen=material/07. ICFES FILTRADOS\2025\Icfes Calendario A y B\IMG B\10.png | Clasif=material_multiarea"
"07. ICFES FILTRADOS\2025\Icfes Calendario A y B\IMG B\12.png","C:\Users\ARMAN\OneDrive\Documents\examen\material\07. ICFES FILTRADOS\2025\Icfes Calendario A y B\IMG B\12.png","07. ICFES FILTRADOS","MULTI_AREA",,"CLAVES","SABER_11","11",".png","806396","787,5","693868E9BB1D1C5ED53397B7DEF3B62888B94C8AA338E6DBD6FC689267C8243B","media","material_multiarea","baja","Origen=material/07. ICFES FILTRADOS\2025\Icfes Calendario A y B\IMG B\12.png | Clasif=material_multiarea"
"07. ICFES FILTRADOS\2025\Icfes Calendario A y B\IMG B\15.png","C:\Users\ARMAN\OneDrive\Documents\examen\material\07. ICFES FILTRADOS\2025\Icfes Calendario A y B\IMG B\15.png","07. ICFES FILTRADOS","MULTI_AREA",,"CLAVES","SABER_11","11",".png","735790","718,54","63F6E0B8AA6DBE7A2786AA54273852C716D661FACDF404C6AD4815207D7E1255","media","material_multiarea","baja","Origen=material/07. ICFES FILTRADOS\2025\Icfes Calendario A y B\IMG B\15.png | Clasif=material_multiarea"
"07. ICFES FILTRADOS\2025\Icfes Calendario A y B\IMG B\19.png","C:\Users\ARMAN\OneDrive\Documents\examen\material\07. ICFES FILTRADOS\2025\Icfes Calendario A y B\IMG B\19.png","07. ICFES FILTRADOS","MULTI_AREA",,"CLAVES","SABER_11","11",".png","778718","760,47","534182D0B4FF416015900FD3995C332FA513FE3C1B173BE61E481191CB681AAA","media","material_multiarea","baja","Origen=material/07. ICFES FILTRADOS\2025\Icfes Calendario A y B\IMG B\19.png | Clasif=material_multiarea"
"07. ICFES FILTRADOS\2025\Icfes Calendario A y B\IMG B\20.png","C:\Users\ARMAN\OneDrive\Documents\examen\material\07. ICFES FILTRADOS\2025\Icfes Calendario A y B\IMG B\20.png","07. ICFES FILTRADOS","MULTI_AREA",,"CLAVES","SABER_11","11",".png","807232","788,31","5E710F2CEE21F5FFB38496FE3BFF6F02C2AC0CE7E64238DAB4B277172617E496","media","material_multiarea","baja","Origen=material/07. ICFES FILTRADOS\2025\Icfes Calendario A y B\IMG B\20.png | Clasif=material_multiarea"
"07. ICFES FILTRADOS\2025\Icfes Calendario A y B\IMG B\25.png","C:\Users\ARMAN\OneDrive\Documents\examen\material\07. ICFES FILTRADOS\2025\Icfes Calendario A y B\IMG B\25.png","07. ICFES FILTRADOS","MULTI_AREA",,"CLAVES","SABER_11","11",".png","798028","779,32","353436B0651FB48229392AD9DC995589BD400A935D00B14D8147BD6ED97D6DC8","media","material_multiarea","baja","Origen=material/07. ICFES FILTRADOS\2025\Icfes Calendario A y B\IMG B\25.png | Clasif=material_multiarea"
"07. ICFES FILTRADOS\2025\Icfes Calendario A y B\IMG B\27.png","C:\Users\ARMAN\OneDrive\Documents\examen\material\07. ICFES FILTRADOS\2025\Icfes Calendario A y B\IMG B\27.png","07. ICFES FILTRADOS","MULTI_AREA",,"CLAVES","SABER_11","11",".png","637740","622,79","F5BF88B28244219CA70D65F6FCDFEF17BEC6993FDBF0BEBF728F9B9A128A73F4","media","material_multiarea","baja","Origen=material/07. ICFES FILTRADOS\2025\Icfes Calendario A y B\IMG B\27.png | Clasif=material_multiarea"
"07. ICFES FILTRADOS\2025\Icfes Calendario A y B\IMG B\28.png","C:\Users\ARMAN\OneDrive\Documents\examen\material\07. ICFES FILTRADOS\2025\Icfes Calendario A y B\IMG B\28.png","07. ICFES FILTRADOS","MULTI_AREA",,"CLAVES","SABER_11","11",".png","810236","791,25","4556058C77CED8319CEDCBDC542D1CD0D73F24F35D71C31754956723BE94CB68","media","material_multiarea","baja","Origen=material/07. ICFES FILTRADOS\2025\Icfes Calendario A y B\IMG B\28.png | Clasif=material_multiarea"
"07. ICFES FILTRADOS\2025\Icfes Calendario A y B\IMG B\31.png","C:\Users\ARMAN\OneDrive\Documents\examen\material\07. ICFES FILTRADOS\2025\Icfes Calendario A y B\IMG B\31.png","07. ICFES FILTRADOS","MULTI_AREA",,"CLAVES","SABER_11","11",".png","484117","472,77","A397D31CE6D756485D864C6E0E9C124EB714AE88012565238058748C4A0263FD","media","material_multiarea","baja","Origen=material/07. ICFES FILTRADOS\2025\Icfes Calendario A y B\IMG B\31.png | Clasif=material_multiarea"
"07. ICFES FILTRADOS\2003\Marzo\Historia Profundizacion.pdf","C:\Users\ARMAN\OneDrive\Documents\examen\material\07. ICFES FILTRADOS\2003\Marzo\Historia Profundizacion.pdf","07. ICFES FILTRADOS","SOCIALES_CIUDADANAS","SOCIALES_CIUDADANAS","EXAMENES","SABER_11","11",".pdf","122994","120,11","48B5F097E7991770190EE5AE3E15C5F3B0D88302157F190659B5AAC13B6FB675","alta","tokens_sociales","alta","Origen=material/07. ICFES FILTRADOS\2003\Marzo\Historia Profundizacion.pdf | Clasif=tokens_sociales"
"07. ICFES FILTRADOS\2003\Septiembre\Respuestas geografia.xls","C:\Users\ARMAN\OneDrive\Documents\examen\material\07. ICFES FILTRADOS\2003\Septiembre\Respuestas geografia.xls","07. ICFES FILTRADOS","SOCIALES_CIUDADANAS","SOCIALES_CIUDADANAS","CLAVES","SABER_11","11",".xls","23040","22,5","0011604B2C2F1822B9533062155A23BA109787D2E415500BC54B60812EA25F5D","alta","tokens_sociales","baja","Origen=material/07. ICFES FILTRADOS\2003\Septiembre\Respuestas geografia.xls | Clasif=tokens_sociales"
"07. ICFES FILTRADOS\2003\Septiembre\Respuestas historia.xls","C:\Users\ARMAN\OneDrive\Documents\examen\material\07. ICFES FILTRADOS\2003\Septiembre\Respuestas historia.xls","07. ICFES FILTRADOS","SOCIALES_CIUDADANAS","SOCIALES_CIUDADANAS","CLAVES","SABER_11","11",".xls","25600","25","8396C02B6E6DB16C63AF98E9E3AA9BBD36397DDCE2AADF8A7EE99D23A6B55F93","alta","tokens_sociales","baja","Origen=material/07. ICFES FILTRADOS\2003\Septiembre\Respuestas historia.xls | Clasif=tokens_sociales"
"07. ICFES FILTRADOS\2004\Abril\historia.pdf","C:\Users\ARMAN\OneDrive\Documents\examen\material\07. ICFES FILTRADOS\2004\Abril\historia.pdf","07. ICFES FILTRADOS","SOCIALES_CIUDADANAS","SOCIALES_CIUDADANAS","EXAMENES","SABER_11","11",".pdf","189846","185,4","7A46D0DC975B92BB62BB55163DD00D05976C806B1BB4EA253D0EF3B7AC1FE040","alta","tokens_sociales","alta","Origen=material/07. ICFES FILTRADOS\2004\Abril\historia.pdf | Clasif=tokens_sociales"
"07. ICFES FILTRADOS\2004\Octubre\Historia profundización.pdf","C:\Users\ARMAN\OneDrive\Documents\examen\material\07. ICFES FILTRADOS\2004\Octubre\Historia profundización.pdf","07. ICFES FILTRADOS","SOCIALES_CIUDADANAS","SOCIALES_CIUDADANAS","EXAMENES","SABER_11","11",".pdf","132944","129,83","5BCF18F8D416A6718C5506F7CC33FB62AEC827719572FF1C07F02587CD8AD74E","alta","tokens_sociales","alta","Origen=material/07. ICFES FILTRADOS\2004\Octubre\Historia profundización.pdf | Clasif=tokens_sociales"
"07. ICFES FILTRADOS\2006\Historia\2.pdf","C:\Users\ARMAN\OneDrive\Documents\examen\material\07. ICFES FILTRADOS\2006\Historia\2.pdf","07. ICFES FILTRADOS","SOCIALES_CIUDADANAS","SOCIALES_CIUDADANAS","EXAMENES","SABER_11","11",".pdf","176955","172,81","8510CA191D7FA34F04C94E98E1A4717273D8C27A7975E26257469ABF74EC2BE4","alta","tokens_sociales","alta","Origen=material/07. ICFES FILTRADOS\2006\Historia\2.pdf | Clasif=tokens_sociales"
"07. ICFES FILTRADOS\2006\Historia\profundizacion 1.pdf","C:\Users\ARMAN\OneDrive\Documents\examen\material\07. ICFES FILTRADOS\2006\Historia\profundizacion 1.pdf","07. ICFES FILTRADOS","SOCIALES_CIUDADANAS","SOCIALES_CIUDADANAS","EXAMENES","SABER_11","11",".pdf","1019509","995,61","E2B2D707F688D2E9E3E08BB5FA327206D591A5D721F8845BF26C35B6D5E390A7","alta","tokens_sociales","alta","Origen=material/07. ICFES FILTRADOS\2006\Historia\profundizacion 1.pdf | Clasif=tokens_sociales"
"07. ICFES FILTRADOS\2006\Historia\respuestas profundizacion 1.xls","C:\Users\ARMAN\OneDrive\Documents\examen\material\07. ICFES FILTRADOS\2006\Historia\respuestas profundizacion 1.xls","07. ICFES FILTRADOS","SOCIALES_CIUDADANAS","SOCIALES_CIUDADANAS","CLAVES","SABER_11","11",".xls","14336","14","CB5BDC1037D399842ED6A1514078C30794D71E7ED51503B2338141846B51F1A0","alta","tokens_sociales","baja","Origen=material/07. ICFES FILTRADOS\2006\Historia\respuestas profundizacion 1.xls | Clasif=tokens_sociales"
"07. ICFES FILTRADOS\2021\ICFES CALENDARIO B\Ciencias Sociales 1.pdf","C:\Users\ARMAN\OneDrive\Documents\examen\material\07. ICFES FILTRADOS\2021\ICFES CALENDARIO B\Ciencias Sociales 1.pdf","07. ICFES FILTRADOS","SOCIALES_CIUDADANAS","SOCIALES_CIUDADANAS","EXAMENES","SABER_11","11",".pdf","940804","918,75","2EF97A5F9F1D851AEE431CAB6FD3DD19928AD6828B03869D0C5C33DF56D08116","alta","tokens_sociales","alta","Origen=material/07. ICFES FILTRADOS\2021\ICFES CALENDARIO B\Ciencias Sociales 1.pdf | Clasif=tokens_sociales"
"08. LIBROS RECOMENDADOS\Más Libros\Ciencias Naturales\Física\1 - Física BGU.pdf","C:\Users\ARMAN\OneDrive\Documents\examen\material\08. LIBROS RECOMENDADOS\Más Libros\Ciencias Naturales\Física\1 - Física BGU.pdf","08. LIBROS RECOMENDADOS","CIENCIAS_NATURALES","CIENCIAS_NATURALES","MATERIALES_APOYO","PRACTICA","11",".pdf","39650337","38721,03","0EBC012F4675D6FA8574D73B3724BBCB575368B0D1704DF0C277C43EF2ACC22B","alta","tokens_ciencias","baja","Origen=material/08. LIBROS RECOMENDADOS\Más Libros\Ciencias Naturales\Física\1 - Física BGU.pdf | Clasif=tokens_ciencias"
"08. LIBROS RECOMENDADOS\Más Libros\Ciencias Naturales\Física\2 - Física BGU.pdf","C:\Users\ARMAN\OneDrive\Documents\examen\material\08. LIBROS RECOMENDADOS\Más Libros\Ciencias Naturales\Física\2 - Física BGU.pdf","08. LIBROS RECOMENDADOS","CIENCIAS_NATURALES","CIENCIAS_NATURALES","MATERIALES_APOYO","PRACTICA","11",".pdf","33769868","32978,39","D714B394DF6A1CAAFBB1B7F96F01A480013ADE3E868B998AFFDEA48A9DD5B485","alta","tokens_ciencias","baja","Origen=material/08. LIBROS RECOMENDADOS\Más Libros\Ciencias Naturales\Física\2 - Física BGU.pdf | Clasif=tokens_ciencias"
"08. LIBROS RECOMENDADOS\Más Libros\Ciencias Naturales\Física\3 - Física BGU.pdf","C:\Users\ARMAN\OneDrive\Documents\examen\material\08. LIBROS RECOMENDADOS\Más Libros\Ciencias Naturales\Física\3 - Física BGU.pdf","08. LIBROS RECOMENDADOS","CIENCIAS_NATURALES","CIENCIAS_NATURALES","MATERIALES_APOYO","PRACTICA","11",".pdf","23134422","22592,21","EB85E05746E53800AAAE0504652453FE9221481D0366B9E941E7FEFDAA0A726C","alta","tokens_ciencias","baja","Origen=material/08. LIBROS RECOMENDADOS\Más Libros\Ciencias Naturales\Física\3 - Física BGU.pdf | Clasif=tokens_ciencias"
"08. LIBROS RECOMENDADOS\Más Libros\Ciencias Naturales\Química\2 - Química BGU.pdf","C:\Users\ARMAN\OneDrive\Documents\examen\material\08. LIBROS RECOMENDADOS\Más Libros\Ciencias Naturales\Química\2 - Química BGU.pdf","08. LIBROS RECOMENDADOS","CIENCIAS_NATURALES","CIENCIAS_NATURALES","MATERIALES_APOYO","PRACTICA","11",".pdf","34084865","33286","B41C789A364722053BDEF23480A82348A0DFB5CFF067F03A1A14AF4B4BB5B428","alta","tokens_ciencias","baja","Origen=material/08. LIBROS RECOMENDADOS\Más Libros\Ciencias Naturales\Química\2 - Química BGU.pdf | Clasif=tokens_ciencias"
"08. LIBROS RECOMENDADOS\Más Libros\Ciencias Naturales\Química\3 - Química BGU.pdf","C:\Users\ARMAN\OneDrive\Documents\examen\material\08. LIBROS RECOMENDADOS\Más Libros\Ciencias Naturales\Química\3 - Química BGU.pdf","08. LIBROS RECOMENDADOS","CIENCIAS_NATURALES","CIENCIAS_NATURALES","MATERIALES_APOYO","PRACTICA","11",".pdf","456350534","445654,82","675BFDB09B211C4284E2727E5C4848427FCE40A2EAB5A26313418C4E2988723F","alta","tokens_ciencias","baja","Origen=material/08. LIBROS RECOMENDADOS\Más Libros\Ciencias Naturales\Química\3 - Química BGU.pdf | Clasif=tokens_ciencias"
"08. LIBROS RECOMENDADOS\Más Libros\Lectura Crítica\2 - Lectura BGU.pdf","C:\Users\ARMAN\OneDrive\Documents\examen\material\08. LIBROS RECOMENDADOS\Más Libros\Lectura Crítica\2 - Lectura BGU.pdf","08. LIBROS RECOMENDADOS","LECTURA_CRITICA","LECTURA_CRITICA","MATERIALES_APOYO","PRACTICA","11",".pdf","97905454","95610,79","D42428B73910443E61C3A2F846BE176285FF4E3C01949F7757FBDB7517393C5B","alta","tokens_lectura","baja","Origen=material/08. LIBROS RECOMENDADOS\Más Libros\Lectura Crítica\2 - Lectura BGU.pdf | Clasif=tokens_lectura"
"08. LIBROS RECOMENDADOS\Más Libros\Matemáticas\2 - Matemáticas BGU.pdf","C:\Users\ARMAN\OneDrive\Documents\examen\material\08. LIBROS RECOMENDADOS\Más Libros\Matemáticas\2 - Matemáticas BGU.pdf","08. LIBROS RECOMENDADOS","MATEMATICAS","MATEMATICAS","MATERIALES_APOYO","PRACTICA","11",".pdf","23388034","22839,88","76771DB855426998D6BFC8C1208AD59899D4DD7F3AB9F8021626347AD075004B","alta","tokens_matematicas","baja","Origen=material/08. LIBROS RECOMENDADOS\Más Libros\Matemáticas\2 - Matemáticas BGU.pdf | Clasif=tokens_matematicas"
"08. LIBROS RECOMENDADOS\Más Libros\Sociales\Competencias Ciudadanas\Constitución y Democracia en Movimiento.pdf","C:\Users\ARMAN\OneDrive\Documents\examen\material\08. LIBROS RECOMENDADOS\Más Libros\Sociales\Competencias Ciudadanas\Constitución y Democracia en Movimiento.pdf","08. LIBROS RECOMENDADOS","SOCIALES_CIUDADANAS","SOCIALES_CIUDADANAS","MATERIALES_APOYO","PRACTICA","11",".pdf","25631139","25030,41","D922F89906C966BBC30FBC47130E2432BF2A69AC86D7F14B42D3CE59F2422EFF","alta","tokens_sociales","baja","Origen=material/08. LIBROS RECOMENDADOS\Más Libros\Sociales\Competencias Ciudadanas\Constitución y Democracia en Movimiento.pdf | Clasif=tokens_sociales"
"08. LIBROS RECOMENDADOS\Más Libros\Sociales\Historia\3 - Historia BGU.pdf","C:\Users\ARMAN\OneDrive\Documents\examen\material\08. LIBROS RECOMENDADOS\Más Libros\Sociales\Historia\3 - Historia BGU.pdf","08. LIBROS RECOMENDADOS","SOCIALES_CIUDADANAS","SOCIALES_CIUDADANAS","MATERIALES_APOYO","PRACTICA","11",".pdf","18999486","18554,19","C080CC712C7C13A3C0F6F8902980A58F65732369CD1B5F7F5AFE6F6A4AEAA263","alta","tokens_sociales","baja","Origen=material/08. LIBROS RECOMENDADOS\Más Libros\Sociales\Historia\3 - Historia BGU.pdf | Clasif=tokens_sociales"
"10. OTRA PREPACIÓN\Banco de Preguntas\Ciencias Naturales\Respuestas_Quimica.pdf","C:\Users\ARMAN\OneDrive\Documents\examen\material\10. OTRA PREPACIÓN\Banco de Preguntas\Ciencias Naturales\Respuestas_Quimica.pdf","10. OTRA PREPACIÓN","CIENCIAS_NATURALES","CIENCIAS_NATURALES","MATERIALES_APOYO","PRACTICA","11",".pdf","2062054","2013,72","E652B25B7BB2D900902EAD3574F829DECB45D0B30B1B81B477F16C8F9B3669F8","alta","tokens_ciencias","baja","Origen=material/10. OTRA PREPACIÓN\Banco de Preguntas\Ciencias Naturales\Respuestas_Quimica.pdf | Clasif=tokens_ciencias"
"10. OTRA PREPACIÓN\Banco de Preguntas\Ciencias Naturales\Saber 11- Ciencias naturales.pdf","C:\Users\ARMAN\OneDrive\Documents\examen\material\10. OTRA PREPACIÓN\Banco de Preguntas\Ciencias Naturales\Saber 11- Ciencias naturales.pdf","10. OTRA PREPACIÓN","CIENCIAS_NATURALES","CIENCIAS_NATURALES","MATERIALES_APOYO","SABER_11","11",".pdf","2183529","2132,35","A5702914618C23CA2A8B503AAE99F160BFFBEDC24EC681359D478D3B48011B26","alta","tokens_ciencias","baja","Origen=material/10. OTRA PREPACIÓN\Banco de Preguntas\Ciencias Naturales\Saber 11- Ciencias naturales.pdf | Clasif=tokens_ciencias"
"10. OTRA PREPACIÓN\Ejercicios resueltos estudiantes\Emanuel Betancur\Ciencias naturales .docx","C:\Users\ARMAN\OneDrive\Documents\examen\material\10. OTRA PREPACIÓN\Ejercicios resueltos estudiantes\Emanuel Betancur\Ciencias naturales .docx","10. OTRA PREPACIÓN","CIENCIAS_NATURALES","CIENCIAS_NATURALES","MATERIALES_APOYO","PRACTICA","11",".docx","1965627","1919,56","09092BCBE16BCF83A65523E83D0D0061A4277DE56455E4BD6ED9471AC3EB185B","alta","tokens_ciencias","baja","Origen=material/10. OTRA PREPACIÓN\Ejercicios resueltos estudiantes\Emanuel Betancur\Ciencias naturales .docx | Clasif=tokens_ciencias"
"10. OTRA PREPACIÓN\Ejercicios resueltos estudiantes\Emanuel Betancur\Ciencias naturales .pdf","C:\Users\ARMAN\OneDrive\Documents\examen\material\10. OTRA PREPACIÓN\Ejercicios resueltos estudiantes\Emanuel Betancur\Ciencias naturales .pdf","10. OTRA PREPACIÓN","CIENCIAS_NATURALES","CIENCIAS_NATURALES","MATERIALES_APOYO","PRACTICA","11",".pdf","1324458","1293,42","6CB78D564E5513EE42DC12057F6BBB19E99A9E664F583B5081597C986C25B20C","alta","tokens_ciencias","baja","Origen=material/10. OTRA PREPACIÓN\Ejercicios resueltos estudiantes\Emanuel Betancur\Ciencias naturales .pdf | Clasif=tokens_ciencias"
"10. OTRA PREPACIÓN\Exámenes\Evaluaciones\Ingles\Evaluacion Ingles.pdf","C:\Users\ARMAN\OneDrive\Documents\examen\material\10. OTRA PREPACIÓN\Exámenes\Evaluaciones\Ingles\Evaluacion Ingles.pdf","10. OTRA PREPACIÓN","INGLES","INGLES","MATERIALES_APOYO","EVALUACION","11",".pdf","404450","394,97","914222CB7480EB10603196AF190264ED705CA5D1AC3C5120B90EEB79074EA23C","alta","tokens_ingles","baja","Origen=material/10. OTRA PREPACIÓN\Exámenes\Evaluaciones\Ingles\Evaluacion Ingles.pdf | Clasif=tokens_ingles"
"10. OTRA PREPACIÓN\Exámenes\Evaluaciones\Ingles\Respuestas y Explicaciones.pdf","C:\Users\ARMAN\OneDrive\Documents\examen\material\10. OTRA PREPACIÓN\Exámenes\Evaluaciones\Ingles\Respuestas y Explicaciones.pdf","10. OTRA PREPACIÓN","INGLES","INGLES","MATERIALES_APOYO","EVALUACION","11",".pdf","50147","48,97","A0BE0420CCA575C184336FB7E0D57610E1A7D10ECCC22F4879B32BC1CEEC5572","alta","tokens_ingles","baja","Origen=material/10. OTRA PREPACIÓN\Exámenes\Evaluaciones\Ingles\Respuestas y Explicaciones.pdf | Clasif=tokens_ingles"
"10. OTRA PREPACIÓN\Resúmenes por área\Inglés\2. Sustantivos_lista..pdf","C:\Users\ARMAN\OneDrive\Documents\examen\material\10. OTRA PREPACIÓN\Resúmenes por área\Inglés\2. Sustantivos_lista..pdf","10. OTRA PREPACIÓN","INGLES","INGLES","MATERIALES_APOYO","PRACTICA","11",".pdf","54539","53,26","60D1CE4665DF6A6C0FE9FDC9E46E9EC965F88ADB39D7CFC97B0CC36A55A83B6D","alta","tokens_ingles","baja","Origen=material/10. OTRA PREPACIÓN\Resúmenes por área\Inglés\2. Sustantivos_lista..pdf | Clasif=tokens_ingles"
"10. OTRA PREPACIÓN\Resúmenes por área\Inglés\3. Adjetivos_explicación y lista.pdf","C:\Users\ARMAN\OneDrive\Documents\examen\material\10. OTRA PREPACIÓN\Resúmenes por área\Inglés\3. Adjetivos_explicación y lista.pdf","10. OTRA PREPACIÓN","INGLES","INGLES","MATERIALES_APOYO","PRACTICA","11",".pdf","143087","139,73","74BFB29A5724D54641227357B91B55D12DF27C8FFF60E5DCA64D78E4FF6EAC56","alta","tokens_ingles","baja","Origen=material/10. OTRA PREPACIÓN\Resúmenes por área\Inglés\3. Adjetivos_explicación y lista.pdf | Clasif=tokens_ingles"
"10. OTRA PREPACIÓN\Resúmenes por área\Inglés\9. Pasado continuo.pdf","C:\Users\ARMAN\OneDrive\Documents\examen\material\10. OTRA PREPACIÓN\Resúmenes por área\Inglés\9. Pasado continuo.pdf","10. OTRA PREPACIÓN","INGLES","INGLES","MATERIALES_APOYO","PRACTICA","11",".pdf","163537","159,7","BBA21F72CDBCEC9E2A56F4AFBAE5B7460B032AD897B68386B101FDFCC366B5EF","alta","tokens_ingles","baja","Origen=material/10. OTRA PREPACIÓN\Resúmenes por área\Inglés\9. Pasado continuo.pdf | Clasif=tokens_ingles"
"10. OTRA PREPACIÓN\Resúmenes por área\Inglés\9.3 Presente perfecto.pdf","C:\Users\ARMAN\OneDrive\Documents\examen\material\10. OTRA PREPACIÓN\Resúmenes por área\Inglés\9.3 Presente perfecto.pdf","10. OTRA PREPACIÓN","INGLES","INGLES","MATERIALES_APOYO","PRACTICA","11",".pdf","115164","112,46","9F4054EF2D52FCB3262D11FBEC18A041580B20E5E59E795C6E3AB9E150A968D0","alta","tokens_ingles","baja","Origen=material/10. OTRA PREPACIÓN\Resúmenes por área\Inglés\9.3 Presente perfecto.pdf | Clasif=tokens_ingles"
"10. OTRA PREPACIÓN\Resúmenes por área\Inglés\9.5 Vocabulario.PDF","C:\Users\ARMAN\OneDrive\Documents\examen\material\10. OTRA PREPACIÓN\Resúmenes por área\Inglés\9.5 Vocabulario.PDF","10. OTRA PREPACIÓN","INGLES","INGLES","MATERIALES_APOYO","PRACTICA","11",".pdf","163848","160,01","1C335B7B6EB6DB0D1E0CAFCC76397830C825CB72845E125CE7AE6D40BC6D6A22","alta","tokens_ingles","baja","Origen=material/10. OTRA PREPACIÓN\Resúmenes por área\Inglés\9.5 Vocabulario.PDF | Clasif=tokens_ingles"
"10. OTRA PREPACIÓN\Exámenes\Examen final\Cuadernillo de preguntas Saber 11 - Lectura critica (6).pdf","C:\Users\ARMAN\OneDrive\Documents\examen\material\10. OTRA PREPACIÓN\Exámenes\Examen final\Cuadernillo de preguntas Saber 11 - Lectura critica (6).pdf","10. OTRA PREPACIÓN","LECTURA_CRITICA","LECTURA_CRITICA","MATERIALES_APOYO","SABER_11","11",".pdf","13531710","13214,56","18FD8E7610DD486C5CE9D9B25CE75C03827F69DC9C5E9EA0629C2DB61FCB5647","alta","tokens_lectura","baja","Origen=material/10. OTRA PREPACIÓN\Exámenes\Examen final\Cuadernillo de preguntas Saber 11 - Lectura critica (6).pdf | Clasif=tokens_lectura"
"10. OTRA PREPACIÓN\Resúmenes por área\Lectura crítica\10. Historia de la filosofía_ versión extensa.pdf","C:\Users\ARMAN\OneDrive\Documents\examen\material\10. OTRA PREPACIÓN\Resúmenes por área\Lectura crítica\10. Historia de la filosofía_ versión extensa.pdf","10. OTRA PREPACIÓN","LECTURA_CRITICA","LECTURA_CRITICA","MATERIALES_APOYO","PRACTICA","11",".pdf","7845320","7661,45","7C965B833F8D22A3F6E59E63451F85B147158983DB5DA8C72F6C77479A1BEBF4","alta","tokens_lectura","baja","Origen=material/10. OTRA PREPACIÓN\Resúmenes por área\Lectura crítica\10. Historia de la filosofía_ versión extensa.pdf | Clasif=tokens_lectura"
"10. OTRA PREPACIÓN\Banco de Preguntas\Matemáticas\Cuadernillo Matematicas.pdf","C:\Users\ARMAN\OneDrive\Documents\examen\material\10. OTRA PREPACIÓN\Banco de Preguntas\Matemáticas\Cuadernillo Matematicas.pdf","10. OTRA PREPACIÓN","MATEMATICAS","MATEMATICAS","MATERIALES_APOYO","SABER_11","11",".pdf","320339","312,83","4644D04061D3F7E78F5D32FE1F9F0D7806E6D1D749AC59D5E36CAE9649978059","alta","tokens_matematicas","baja","Origen=material/10. OTRA PREPACIÓN\Banco de Preguntas\Matemáticas\Cuadernillo Matematicas.pdf | Clasif=tokens_matematicas"
"10. OTRA PREPACIÓN\Banco de Preguntas\Matemáticas\CuadernilloSaber11Matematicas2012.pdf","C:\Users\ARMAN\OneDrive\Documents\examen\material\10. OTRA PREPACIÓN\Banco de Preguntas\Matemáticas\CuadernilloSaber11Matematicas2012.pdf","10. OTRA PREPACIÓN","MATEMATICAS","MATEMATICAS","MATERIALES_APOYO","SABER_11","11",".pdf","1052266","1027,6","665F81054748D3E412E767F23FB6A563800F785A3489A51A8CF6D5C4224DC6FC","alta","tokens_matematicas","baja","Origen=material/10. OTRA PREPACIÓN\Banco de Preguntas\Matemáticas\CuadernilloSaber11Matematicas2012.pdf | Clasif=tokens_matematicas"
"10. OTRA PREPACIÓN\Banco de Preguntas\Matemáticas\examen diagnostico matematicas.pdf","C:\Users\ARMAN\OneDrive\Documents\examen\material\10. OTRA PREPACIÓN\Banco de Preguntas\Matemáticas\examen diagnostico matematicas.pdf","10. OTRA PREPACIÓN","MATEMATICAS","MATEMATICAS","MATERIALES_APOYO","DIAGNOSTICO","11",".pdf","352695","344,43","3670BD063ABDF75A346216447744EA75A39BA33798DEF916DCDEDC87648F133C","alta","tokens_matematicas","baja","Origen=material/10. OTRA PREPACIÓN\Banco de Preguntas\Matemáticas\examen diagnostico matematicas.pdf | Clasif=tokens_matematicas"
"10. OTRA PREPACIÓN\Banco de Preguntas\Matemáticas\Preguntas Matemáticas ICFES.pdf","C:\Users\ARMAN\OneDrive\Documents\examen\material\10. OTRA PREPACIÓN\Banco de Preguntas\Matemáticas\Preguntas Matemáticas ICFES.pdf","10. OTRA PREPACIÓN","MATEMATICAS","MATEMATICAS","MATERIALES_APOYO","SABER_11","11",".pdf","723439","706,48","8DB9D92C3E207FD8C56AFF195890E9BA634BABF28A8324435BF1F47F0746BEC9","alta","tokens_matematicas","baja","Origen=material/10. OTRA PREPACIÓN\Banco de Preguntas\Matemáticas\Preguntas Matemáticas ICFES.pdf | Clasif=tokens_matematicas"
"10. OTRA PREPACIÓN\Banco de Preguntas\Matemáticas\Razonamiento_logico.pdf","C:\Users\ARMAN\OneDrive\Documents\examen\material\10. OTRA PREPACIÓN\Banco de Preguntas\Matemáticas\Razonamiento_logico.pdf","10. OTRA PREPACIÓN","MATEMATICAS","MATEMATICAS","MATERIALES_APOYO","PRACTICA","11",".pdf","1228884","1200,08","7C42FA944A16D240A14815E4F86349945C2F005844BBCF8748C7047C35C19799","alta","tokens_matematicas","baja","Origen=material/10. OTRA PREPACIÓN\Banco de Preguntas\Matemáticas\Razonamiento_logico.pdf | Clasif=tokens_matematicas"
"10. OTRA PREPACIÓN\Ejercicios resueltos estudiantes\Alejandro Ramirez\examen diagnostico matematicas.docx","C:\Users\ARMAN\OneDrive\Documents\examen\material\10. OTRA PREPACIÓN\Ejercicios resueltos estudiantes\Alejandro Ramirez\examen diagnostico matematicas.docx","10. OTRA PREPACIÓN","MATEMATICAS","MATEMATICAS","MATERIALES_APOYO","DIAGNOSTICO","11",".docx","293679","286,8","72F3233C2A2E0D82F93ED74BDE8E9AA4321D49E4B4C57BB5468EE0CEBC52E520","alta","tokens_matematicas","baja","Origen=material/10. OTRA PREPACIÓN\Ejercicios resueltos estudiantes\Alejandro Ramirez\examen diagnostico matematicas.docx | Clasif=tokens_matematicas"
"10. OTRA PREPACIÓN\Ejercicios resueltos estudiantes\JhonierNegrete_AlejandroLopez\Matematicas_Cuadernillo preguntas Saber 11_Resuelto.docx","C:\Users\ARMAN\OneDrive\Documents\examen\material\10. OTRA PREPACIÓN\Ejercicios resueltos estudiantes\JhonierNegrete_AlejandroLopez\Matematicas_Cuadernillo preguntas Saber 11_Resuelto.docx","10. OTRA PREPACIÓN","MATEMATICAS","MATEMATICAS","MATERIALES_APOYO","SABER_11","11",".docx","4590716","4483,12","041C2DB534F613029019EC15B9C4B8123F80D8FC076D56248375C0D82A783E75","alta","tokens_matematicas","baja","Origen=material/10. OTRA PREPACIÓN\Ejercicios resueltos estudiantes\JhonierNegrete_AlejandroLopez\Matematicas_Cuadernillo preguntas Saber 11_Resuelto.docx | Clasif=tokens_matematicas"
"10. OTRA PREPACIÓN\Exámenes\Evaluaciones\Matematicas\evaluación matemáticas 1 .pdf","C:\Users\ARMAN\OneDrive\Documents\examen\material\10. OTRA PREPACIÓN\Exámenes\Evaluaciones\Matematicas\evaluación matemáticas 1 .pdf","10. OTRA PREPACIÓN","MATEMATICAS","MATEMATICAS","MATERIALES_APOYO","EVALUACION","11",".pdf","6726247","6568,6","96C4888E2AB60628145BF1B3997A0AC3B03AECD99313A0D890D563CE2555DF7F","alta","tokens_matematicas","baja","Origen=material/10. OTRA PREPACIÓN\Exámenes\Evaluaciones\Matematicas\evaluación matemáticas 1 .pdf | Clasif=tokens_matematicas"
"10. OTRA PREPACIÓN\Exámenes\Evaluaciones\Matematicas\Matemáticas PSU.pdf","C:\Users\ARMAN\OneDrive\Documents\examen\material\10. OTRA PREPACIÓN\Exámenes\Evaluaciones\Matematicas\Matemáticas PSU.pdf","10. OTRA PREPACIÓN","MATEMATICAS","MATEMATICAS","MATERIALES_APOYO","EVALUACION","11",".pdf","2551595","2491,79","CBD04EF0E22B4C8CF339C320060C58272A91D5140DDD26741177908EBC74FDBF","alta","tokens_matematicas","baja","Origen=material/10. OTRA PREPACIÓN\Exámenes\Evaluaciones\Matematicas\Matemáticas PSU.pdf | Clasif=tokens_matematicas"
"10. OTRA PREPACIÓN\Exámenes\Examen final\Cuadernillo de preguntas Saber 11- Matemáticas.pdf","C:\Users\ARMAN\OneDrive\Documents\examen\material\10. OTRA PREPACIÓN\Exámenes\Examen final\Cuadernillo de preguntas Saber 11- Matemáticas.pdf","10. OTRA PREPACIÓN","MATEMATICAS","MATEMATICAS","MATERIALES_APOYO","SABER_11","11",".pdf","7641672","7462,57","A38D6CAF5EE078E9486A2445235934B8C63394EEA0C6884D6E7A0444A547407D","alta","tokens_matematicas","baja","Origen=material/10. OTRA PREPACIÓN\Exámenes\Examen final\Cuadernillo de preguntas Saber 11- Matemáticas.pdf | Clasif=tokens_matematicas"
"10. OTRA PREPACIÓN\Ejercicios resueltos estudiantes\Emanuel Betancur\Ciencias sociales y ciudadanas.pdf","C:\Users\ARMAN\OneDrive\Documents\examen\material\10. OTRA PREPACIÓN\Ejercicios resueltos estudiantes\Emanuel Betancur\Ciencias sociales y ciudadanas.pdf","10. OTRA PREPACIÓN","SOCIALES_CIUDADANAS","SOCIALES_CIUDADANAS","MATERIALES_APOYO","PRACTICA","11",".pdf","593246","579,34","CB8EC1A87EEA3C99B32CA0F5FAE1A27F881D58FDF0D45C95BCB051B0E8421118","alta","tokens_sociales","baja","Origen=material/10. OTRA PREPACIÓN\Ejercicios resueltos estudiantes\Emanuel Betancur\Ciencias sociales y ciudadanas.pdf | Clasif=tokens_sociales"
"10. OTRA PREPACIÓN\Resúmenes por área\Ciencias sociales y ciudadanas\1. Los primeros pobladores Colombia.pdf","C:\Users\ARMAN\OneDrive\Documents\examen\material\10. OTRA PREPACIÓN\Resúmenes por área\Ciencias sociales y ciudadanas\1. Los primeros pobladores Colombia.pdf","10. OTRA PREPACIÓN","SOCIALES_CIUDADANAS","SOCIALES_CIUDADANAS","MATERIALES_APOYO","PRACTICA","11",".pdf","1509708","1474,32","1AFFF6453DF9302C6939BE1D3B8DD4A0C1B7ABE5BCA6C6CA0CDB18F5D516B13B","alta","tokens_sociales","baja","Origen=material/10. OTRA PREPACIÓN\Resúmenes por área\Ciencias sociales y ciudadanas\1. Los primeros pobladores Colombia.pdf | Clasif=tokens_sociales"
"10. OTRA PREPACIÓN\Resúmenes por área\Ciencias sociales y ciudadanas\3. La independencia.pdf","C:\Users\ARMAN\OneDrive\Documents\examen\material\10. OTRA PREPACIÓN\Resúmenes por área\Ciencias sociales y ciudadanas\3. La independencia.pdf","10. OTRA PREPACIÓN","SOCIALES_CIUDADANAS","SOCIALES_CIUDADANAS","MATERIALES_APOYO","PRACTICA","11",".pdf","10316633","10074,84","A94DC90781C9D0E0543054801490835757A517AD0A07A76748ED262DCB9101A9","alta","tokens_sociales","baja","Origen=material/10. OTRA PREPACIÓN\Resúmenes por área\Ciencias sociales y ciudadanas\3. La independencia.pdf | Clasif=tokens_sociales"
"10. OTRA PREPACIÓN\Resúmenes por área\Ciencias sociales y ciudadanas\5. El Estado y sus formas de gobierno.pdf","C:\Users\ARMAN\OneDrive\Documents\examen\material\10. OTRA PREPACIÓN\Resúmenes por área\Ciencias sociales y ciudadanas\5. El Estado y sus formas de gobierno.pdf","10. OTRA PREPACIÓN","SOCIALES_CIUDADANAS","SOCIALES_CIUDADANAS","MATERIALES_APOYO","PRACTICA","11",".pdf","206586","201,74","CA4449501C0BF95418547BF2766207369F760B7D6488EDED8598E7A5C30502C6","alta","tokens_sociales","baja","Origen=material/10. OTRA PREPACIÓN\Resúmenes por área\Ciencias sociales y ciudadanas\5. El Estado y sus formas de gobierno.pdf | Clasif=tokens_sociales"
"10. OTRA PREPACIÓN\Resúmenes por área\Ciencias sociales y ciudadanas\6. Los derechos humanos.pdf","C:\Users\ARMAN\OneDrive\Documents\examen\material\10. OTRA PREPACIÓN\Resúmenes por área\Ciencias sociales y ciudadanas\6. Los derechos humanos.pdf","10. OTRA PREPACIÓN","SOCIALES_CIUDADANAS","SOCIALES_CIUDADANAS","MATERIALES_APOYO","PRACTICA","11",".pdf","373284","364,54","37126A6C5706BA2999A7632A7CBC460BD2094F4969FFF4088963363C539DE846","alta","tokens_sociales","baja","Origen=material/10. OTRA PREPACIÓN\Resúmenes por área\Ciencias sociales y ciudadanas\6. Los derechos humanos.pdf | Clasif=tokens_sociales"
"10. OTRA PREPACIÓN\Temas\Ciencias sociales y ciudadanas\7. Geografía.pdf","C:\Users\ARMAN\OneDrive\Documents\examen\material\10. OTRA PREPACIÓN\Temas\Ciencias sociales y ciudadanas\7. Geografía.pdf","10. OTRA PREPACIÓN","SOCIALES_CIUDADANAS","SOCIALES_CIUDADANAS","MATERIALES_APOYO","PRACTICA","11",".pdf","1208286","1179,97","889AD59D9516E49A6BA9D36F06C2B9B9C973F73721C4C304DD298C7049D5ED80","alta","tokens_sociales","baja","Origen=material/10. OTRA PREPACIÓN\Temas\Ciencias sociales y ciudadanas\7. Geografía.pdf | Clasif=tokens_sociales"
"10. OTRA PREPACIÓN\Temas\Ciencias sociales y ciudadanas\9.2 Guerra de la Independencia española.pdf","C:\Users\ARMAN\OneDrive\Documents\examen\material\10. OTRA PREPACIÓN\Temas\Ciencias sociales y ciudadanas\9.2 Guerra de la Independencia española.pdf","10. OTRA PREPACIÓN","SOCIALES_CIUDADANAS","SOCIALES_CIUDADANAS","MATERIALES_APOYO","PRACTICA","11",".pdf","1143942","1117,13","22DA194010ADA8ED1CB89A706C7D3D585DE7B31639DFB02A22FC2BD868ECA4CD","alta","tokens_sociales","baja","Origen=material/10. OTRA PREPACIÓN\Temas\Ciencias sociales y ciudadanas\9.2 Guerra de la Independencia española.pdf | Clasif=tokens_sociales"
"10. OTRA PREPACIÓN\Temas\Ciencias sociales y ciudadanas\9.5 Segunda guerra mundial.pdf","C:\Users\ARMAN\OneDrive\Documents\examen\material\10. OTRA PREPACIÓN\Temas\Ciencias sociales y ciudadanas\9.5 Segunda guerra mundial.pdf","10. OTRA PREPACIÓN","SOCIALES_CIUDADANAS","SOCIALES_CIUDADANAS","MATERIALES_APOYO","PRACTICA","11",".pdf","5725952","5591,75","EC3B9FCCED6B5CE11FF4ECBD30C4FDA2A347F9B2DDFF95EB7C807A4F4EAA2DE1","alta","tokens_sociales","baja","Origen=material/10. OTRA PREPACIÓN\Temas\Ciencias sociales y ciudadanas\9.5 Segunda guerra mundial.pdf | Clasif=tokens_sociales"
